/*
Практическое задание по теме “Введение в проектирование БД”, урок 3, вебинар
1. Проанализировать структуру БД vk, которую мы создали на занятии,
и внести предложения по усовершенствованию (если такие идеи есть). Напишите пожалуйста, всё-ли понятно по структуре.
2. Используя сервис http://filldb.info или другой по вашему желанию, 
сгенерировать тестовые данные для всех таблиц, учитывая логику связей. 
Для всех таблиц, где это имеет смысл, создать не менее 100 строк. Создать локально БД vk и загрузить в неё тестовые данные.
*/

/*
Ззадание 1:
Предложений по усовершенствованию нет.
Не очень понятно предназначение индексов помимо Primary key
 */

/*
Задание 2 заполнил бд данными приведенными ниже.
не понял как автоматически сгенерировать взаимодействия между разными пользователями. 
автоматически генерирует индексы по порядку. и пользователь 1 общается с пользователем 1.
 */


USE vk;

INSERT INTO `users` (`id`, `firstname`, `lastname`, `email`, `phone`) VALUES ('1', 'Myron', 'Erdman', 'lrunolfsdottir@example.net', '510088');
INSERT INTO `users` (`id`, `firstname`, `lastname`, `email`, `phone`) VALUES ('2', 'Karl', 'Ratke', 'glover.moises@example.net', '25');
INSERT INTO `users` (`id`, `firstname`, `lastname`, `email`, `phone`) VALUES ('3', 'Jermain', 'Smith', 'yjones@example.net', '711766244');
INSERT INTO `users` (`id`, `firstname`, `lastname`, `email`, `phone`) VALUES ('4', 'Rowan', 'Cronin', 'kareem79@example.net', '3162103051');
INSERT INTO `users` (`id`, `firstname`, `lastname`, `email`, `phone`) VALUES ('5', 'Denis', 'Rempel', 'rodriguez.thaddeus@example.org', '0');
INSERT INTO `users` (`id`, `firstname`, `lastname`, `email`, `phone`) VALUES ('6', 'Myra', 'Durgan', 'tyson.hamill@example.com', '40242');
INSERT INTO `users` (`id`, `firstname`, `lastname`, `email`, `phone`) VALUES ('7', 'Leatha', 'Dietrich', 'uschulist@example.net', '1');
INSERT INTO `users` (`id`, `firstname`, `lastname`, `email`, `phone`) VALUES ('8', 'Donnie', 'Treutel', 'gjohnston@example.org', '799856');
INSERT INTO `users` (`id`, `firstname`, `lastname`, `email`, `phone`) VALUES ('9', 'Nathanael', 'Beatty', 'eileen32@example.com', '741224');
INSERT INTO `users` (`id`, `firstname`, `lastname`, `email`, `phone`) VALUES ('10', 'Magali', 'Kiehn', 'lehner.providenci@example.org', '1');
INSERT INTO `users` (`id`, `firstname`, `lastname`, `email`, `phone`) VALUES ('11', 'Jarrod', 'Walter', 'meta.gleason@example.com', '284');
INSERT INTO `users` (`id`, `firstname`, `lastname`, `email`, `phone`) VALUES ('12', 'Royce', 'Hartmann', 'mcglynn.kelsi@example.org', '0');
INSERT INTO `users` (`id`, `firstname`, `lastname`, `email`, `phone`) VALUES ('13', 'Hattie', 'Stoltenberg', 'mercedes04@example.net', '1');
INSERT INTO `users` (`id`, `firstname`, `lastname`, `email`, `phone`) VALUES ('14', 'Casimer', 'Schowalter', 'murray.jared@example.net', '7606833557');
INSERT INTO `users` (`id`, `firstname`, `lastname`, `email`, `phone`) VALUES ('15', 'Gwendolyn', 'Steuber', 'wintheiser.brant@example.net', '1');
INSERT INTO `users` (`id`, `firstname`, `lastname`, `email`, `phone`) VALUES ('16', 'Emmanuel', 'Leuschke', 'cristal.walker@example.com', '5096855288');
INSERT INTO `users` (`id`, `firstname`, `lastname`, `email`, `phone`) VALUES ('17', 'Shanie', 'Beer', 'twila21@example.org', '1');
INSERT INTO `users` (`id`, `firstname`, `lastname`, `email`, `phone`) VALUES ('18', 'Kiarra', 'Schumm', 'garnett54@example.org', '437893');
INSERT INTO `users` (`id`, `firstname`, `lastname`, `email`, `phone`) VALUES ('19', 'Zoila', 'Champlin', 'zrunolfsson@example.org', '0');
INSERT INTO `users` (`id`, `firstname`, `lastname`, `email`, `phone`) VALUES ('20', 'Sage', 'Rempel', 'blaze17@example.net', '0');
INSERT INTO `users` (`id`, `firstname`, `lastname`, `email`, `phone`) VALUES ('21', 'Wilfred', 'Sauer', 'lonnie40@example.org', '1');
INSERT INTO `users` (`id`, `firstname`, `lastname`, `email`, `phone`) VALUES ('22', 'Ashley', 'Osinski', 'crist.guido@example.com', '1');
INSERT INTO `users` (`id`, `firstname`, `lastname`, `email`, `phone`) VALUES ('23', 'Bryce', 'Goldner', 'weber.nickolas@example.com', '3226567335');
INSERT INTO `users` (`id`, `firstname`, `lastname`, `email`, `phone`) VALUES ('24', 'Minnie', 'Runolfsson', 'ashly61@example.org', '1');
INSERT INTO `users` (`id`, `firstname`, `lastname`, `email`, `phone`) VALUES ('25', 'Kaylee', 'Huel', 'gwitting@example.org', '1');
INSERT INTO `users` (`id`, `firstname`, `lastname`, `email`, `phone`) VALUES ('26', 'Tom', 'Considine', 'taryn.hirthe@example.net', '24');
INSERT INTO `users` (`id`, `firstname`, `lastname`, `email`, `phone`) VALUES ('27', 'Clara', 'Koch', 'benjamin97@example.net', '0');
INSERT INTO `users` (`id`, `firstname`, `lastname`, `email`, `phone`) VALUES ('28', 'Mable', 'Littel', 'rreichert@example.com', '8527757761');
INSERT INTO `users` (`id`, `firstname`, `lastname`, `email`, `phone`) VALUES ('29', 'Tiffany', 'Spinka', 'rmoen@example.com', '0');
INSERT INTO `users` (`id`, `firstname`, `lastname`, `email`, `phone`) VALUES ('30', 'Chloe', 'Brown', 'nasir98@example.org', '2019761285');
INSERT INTO `users` (`id`, `firstname`, `lastname`, `email`, `phone`) VALUES ('31', 'Elizabeth', 'Considine', 'delphia25@example.org', '5936127950');
INSERT INTO `users` (`id`, `firstname`, `lastname`, `email`, `phone`) VALUES ('32', 'Beau', 'Mante', 'lilian.kling@example.com', '208843');
INSERT INTO `users` (`id`, `firstname`, `lastname`, `email`, `phone`) VALUES ('33', 'Rosario', 'Jakubowski', 'bechtelar.maia@example.org', '578');
INSERT INTO `users` (`id`, `firstname`, `lastname`, `email`, `phone`) VALUES ('34', 'Nicola', 'Rutherford', 'concepcion06@example.com', '477847');
INSERT INTO `users` (`id`, `firstname`, `lastname`, `email`, `phone`) VALUES ('35', 'Robb', 'Olson', 'aurelia.renner@example.com', '0');
INSERT INTO `users` (`id`, `firstname`, `lastname`, `email`, `phone`) VALUES ('36', 'Nella', 'Considine', 'reagan88@example.net', '0');
INSERT INTO `users` (`id`, `firstname`, `lastname`, `email`, `phone`) VALUES ('37', 'Kaelyn', 'Flatley', 'rzulauf@example.com', '107');
INSERT INTO `users` (`id`, `firstname`, `lastname`, `email`, `phone`) VALUES ('38', 'Angela', 'Mosciski', 'purdy.torrance@example.com', '0');
INSERT INTO `users` (`id`, `firstname`, `lastname`, `email`, `phone`) VALUES ('39', 'Sandra', 'Jakubowski', 'ckunze@example.net', '311');
INSERT INTO `users` (`id`, `firstname`, `lastname`, `email`, `phone`) VALUES ('40', 'Emanuel', 'McLaughlin', 'aiyana.breitenberg@example.org', '949510');
INSERT INTO `users` (`id`, `firstname`, `lastname`, `email`, `phone`) VALUES ('41', 'Payton', 'Stroman', 'hailee71@example.com', '240');
INSERT INTO `users` (`id`, `firstname`, `lastname`, `email`, `phone`) VALUES ('42', 'Francisca', 'Gottlieb', 'mariela.kozey@example.net', '1');
INSERT INTO `users` (`id`, `firstname`, `lastname`, `email`, `phone`) VALUES ('43', 'Jeffery', 'Johnston', 'hjohnston@example.net', '767085');
INSERT INTO `users` (`id`, `firstname`, `lastname`, `email`, `phone`) VALUES ('44', 'Lexi', 'Nicolas', 'ellsworth.stracke@example.org', '908');
INSERT INTO `users` (`id`, `firstname`, `lastname`, `email`, `phone`) VALUES ('45', 'Brody', 'Dibbert', 'leon35@example.net', '1');
INSERT INTO `users` (`id`, `firstname`, `lastname`, `email`, `phone`) VALUES ('46', 'Tina', 'Gleichner', 'imann@example.org', '0');
INSERT INTO `users` (`id`, `firstname`, `lastname`, `email`, `phone`) VALUES ('47', 'Jada', 'Mante', 'armand.miller@example.net', '873');
INSERT INTO `users` (`id`, `firstname`, `lastname`, `email`, `phone`) VALUES ('48', 'Milan', 'Monahan', 'alfredo.pagac@example.net', '1');
INSERT INTO `users` (`id`, `firstname`, `lastname`, `email`, `phone`) VALUES ('49', 'Lamar', 'Labadie', 'casey90@example.net', '0');
INSERT INTO `users` (`id`, `firstname`, `lastname`, `email`, `phone`) VALUES ('50', 'Summer', 'Blick', 'turner.maude@example.org', '200154');
INSERT INTO `users` (`id`, `firstname`, `lastname`, `email`, `phone`) VALUES ('51', 'Tara', 'Eichmann', 'akuhn@example.net', '0');
INSERT INTO `users` (`id`, `firstname`, `lastname`, `email`, `phone`) VALUES ('52', 'Linda', 'Kling', 'uheaney@example.org', '939668');
INSERT INTO `users` (`id`, `firstname`, `lastname`, `email`, `phone`) VALUES ('53', 'Roosevelt', 'Koss', 'jasen.boyle@example.org', '0');
INSERT INTO `users` (`id`, `firstname`, `lastname`, `email`, `phone`) VALUES ('54', 'Karen', 'Dickinson', 'lindsey47@example.org', '825166382');
INSERT INTO `users` (`id`, `firstname`, `lastname`, `email`, `phone`) VALUES ('55', 'Kiera', 'Schaefer', 'malvina54@example.org', '179');
INSERT INTO `users` (`id`, `firstname`, `lastname`, `email`, `phone`) VALUES ('56', 'Brendon', 'Jerde', 'kaley10@example.net', '1');
INSERT INTO `users` (`id`, `firstname`, `lastname`, `email`, `phone`) VALUES ('57', 'Ramiro', 'Davis', 'deven.murphy@example.net', '6700782581');
INSERT INTO `users` (`id`, `firstname`, `lastname`, `email`, `phone`) VALUES ('58', 'Mario', 'Leannon', 'triston.boehm@example.com', '139');
INSERT INTO `users` (`id`, `firstname`, `lastname`, `email`, `phone`) VALUES ('59', 'Johnny', 'Barton', 'zbogan@example.com', '0');
INSERT INTO `users` (`id`, `firstname`, `lastname`, `email`, `phone`) VALUES ('60', 'Petra', 'O\'Reilly', 'morgan.corwin@example.net', '0');
INSERT INTO `users` (`id`, `firstname`, `lastname`, `email`, `phone`) VALUES ('61', 'Lindsey', 'Ziemann', 'annie.hackett@example.com', '940');
INSERT INTO `users` (`id`, `firstname`, `lastname`, `email`, `phone`) VALUES ('62', 'Josefina', 'Hand', 'bailey.hyatt@example.com', '523');
INSERT INTO `users` (`id`, `firstname`, `lastname`, `email`, `phone`) VALUES ('63', 'Jennings', 'Beer', 'mosciski.demetris@example.net', '621');
INSERT INTO `users` (`id`, `firstname`, `lastname`, `email`, `phone`) VALUES ('64', 'Helena', 'Upton', 'ollie.kirlin@example.org', '0');
INSERT INTO `users` (`id`, `firstname`, `lastname`, `email`, `phone`) VALUES ('65', 'Isom', 'Oberbrunner', 'roberta.harber@example.com', '0');
INSERT INTO `users` (`id`, `firstname`, `lastname`, `email`, `phone`) VALUES ('66', 'Noemie', 'McGlynn', 'princess37@example.com', '692');
INSERT INTO `users` (`id`, `firstname`, `lastname`, `email`, `phone`) VALUES ('67', 'Krystina', 'Deckow', 'johathan.feil@example.com', '0');
INSERT INTO `users` (`id`, `firstname`, `lastname`, `email`, `phone`) VALUES ('68', 'Jaron', 'O\'Connell', 'armstrong.else@example.net', '1');
INSERT INTO `users` (`id`, `firstname`, `lastname`, `email`, `phone`) VALUES ('69', 'Seth', 'Kshlerin', 'tmarquardt@example.org', '93');
INSERT INTO `users` (`id`, `firstname`, `lastname`, `email`, `phone`) VALUES ('70', 'Reece', 'Casper', 'vallie.cruickshank@example.org', '1');
INSERT INTO `users` (`id`, `firstname`, `lastname`, `email`, `phone`) VALUES ('71', 'Branson', 'Lindgren', 'kyra.steuber@example.com', '0');
INSERT INTO `users` (`id`, `firstname`, `lastname`, `email`, `phone`) VALUES ('72', 'Buster', 'Considine', 'herzog.bridgette@example.org', '1');
INSERT INTO `users` (`id`, `firstname`, `lastname`, `email`, `phone`) VALUES ('73', 'Vince', 'Corwin', 'lbecker@example.net', '0');
INSERT INTO `users` (`id`, `firstname`, `lastname`, `email`, `phone`) VALUES ('74', 'Lyda', 'Dach', 'nolson@example.org', '0');
INSERT INTO `users` (`id`, `firstname`, `lastname`, `email`, `phone`) VALUES ('75', 'Rocio', 'Marquardt', 'savanah.yundt@example.net', '146926');
INSERT INTO `users` (`id`, `firstname`, `lastname`, `email`, `phone`) VALUES ('76', 'Colleen', 'Wilderman', 'willms.christina@example.com', '1');
INSERT INTO `users` (`id`, `firstname`, `lastname`, `email`, `phone`) VALUES ('77', 'Emma', 'Heathcote', 'zkling@example.org', '1');
INSERT INTO `users` (`id`, `firstname`, `lastname`, `email`, `phone`) VALUES ('78', 'Coty', 'Zemlak', 'kathryn69@example.org', '558');
INSERT INTO `users` (`id`, `firstname`, `lastname`, `email`, `phone`) VALUES ('79', 'Luella', 'Conn', 'saige92@example.org', '1');
INSERT INTO `users` (`id`, `firstname`, `lastname`, `email`, `phone`) VALUES ('80', 'Kaela', 'Fadel', 'reilly.mosciski@example.com', '90');
INSERT INTO `users` (`id`, `firstname`, `lastname`, `email`, `phone`) VALUES ('81', 'Emmalee', 'Schultz', 'joanie.torp@example.org', '1');
INSERT INTO `users` (`id`, `firstname`, `lastname`, `email`, `phone`) VALUES ('82', 'Heaven', 'Pacocha', 'thaddeus.mcdermott@example.org', '0');
INSERT INTO `users` (`id`, `firstname`, `lastname`, `email`, `phone`) VALUES ('83', 'Cedrick', 'Crooks', 'jaren67@example.net', '18');
INSERT INTO `users` (`id`, `firstname`, `lastname`, `email`, `phone`) VALUES ('84', 'Toy', 'Tillman', 'alta.jast@example.net', '4949193928');
INSERT INTO `users` (`id`, `firstname`, `lastname`, `email`, `phone`) VALUES ('85', 'Esperanza', 'Hamill', 'adach@example.com', '1');
INSERT INTO `users` (`id`, `firstname`, `lastname`, `email`, `phone`) VALUES ('86', 'Andrew', 'Batz', 'everardo.grady@example.net', '0');
INSERT INTO `users` (`id`, `firstname`, `lastname`, `email`, `phone`) VALUES ('87', 'Della', 'Collins', 'doyle.mellie@example.org', '1');
INSERT INTO `users` (`id`, `firstname`, `lastname`, `email`, `phone`) VALUES ('88', 'Dane', 'Bosco', 'tyrell.dibbert@example.com', '753165');
INSERT INTO `users` (`id`, `firstname`, `lastname`, `email`, `phone`) VALUES ('89', 'Alyce', 'Hirthe', 'spinka.bethel@example.org', '5945287341');
INSERT INTO `users` (`id`, `firstname`, `lastname`, `email`, `phone`) VALUES ('90', 'Marcellus', 'Steuber', 'cormier.grayson@example.org', '76');
INSERT INTO `users` (`id`, `firstname`, `lastname`, `email`, `phone`) VALUES ('91', 'Lori', 'Koch', 'braun.malcolm@example.org', '9');
INSERT INTO `users` (`id`, `firstname`, `lastname`, `email`, `phone`) VALUES ('92', 'Jerald', 'Mills', 'heathcote.vivianne@example.com', '163');
INSERT INTO `users` (`id`, `firstname`, `lastname`, `email`, `phone`) VALUES ('93', 'Alf', 'Herman', 'florian.barton@example.net', '0');
INSERT INTO `users` (`id`, `firstname`, `lastname`, `email`, `phone`) VALUES ('94', 'Kaden', 'White', 'bdeckow@example.com', '1');
INSERT INTO `users` (`id`, `firstname`, `lastname`, `email`, `phone`) VALUES ('95', 'Melisa', 'Jast', 'kendrick.kuhlman@example.net', '3909377511');
INSERT INTO `users` (`id`, `firstname`, `lastname`, `email`, `phone`) VALUES ('96', 'Guadalupe', 'Adams', 'maxie.kutch@example.com', '21');
INSERT INTO `users` (`id`, `firstname`, `lastname`, `email`, `phone`) VALUES ('97', 'Jed', 'Schoen', 'stanley.abernathy@example.com', '90');
INSERT INTO `users` (`id`, `firstname`, `lastname`, `email`, `phone`) VALUES ('98', 'Otto', 'Marquardt', 'little.ian@example.net', '77');
INSERT INTO `users` (`id`, `firstname`, `lastname`, `email`, `phone`) VALUES ('99', 'Geovany', 'Cronin', 'gina65@example.net', '1');
INSERT INTO `users` (`id`, `firstname`, `lastname`, `email`, `phone`) VALUES ('100', 'Carmen', 'Murphy', 'asa.lowe@example.net', '383326');

INSERT INTO `communities` (`id`, `name`) VALUES ('17', 'architecto');
INSERT INTO `communities` (`id`, `name`) VALUES ('18', 'asperiores');
INSERT INTO `communities` (`id`, `name`) VALUES ('8', 'atque');
INSERT INTO `communities` (`id`, `name`) VALUES ('2', 'eos');
INSERT INTO `communities` (`id`, `name`) VALUES ('19', 'et');
INSERT INTO `communities` (`id`, `name`) VALUES ('14', 'eum');
INSERT INTO `communities` (`id`, `name`) VALUES ('4', 'fugiat');
INSERT INTO `communities` (`id`, `name`) VALUES ('20', 'id');
INSERT INTO `communities` (`id`, `name`) VALUES ('1', 'ipsum');
INSERT INTO `communities` (`id`, `name`) VALUES ('5', 'iure');
INSERT INTO `communities` (`id`, `name`) VALUES ('16', 'molestias');
INSERT INTO `communities` (`id`, `name`) VALUES ('7', 'numquam');
INSERT INTO `communities` (`id`, `name`) VALUES ('12', 'odio');
INSERT INTO `communities` (`id`, `name`) VALUES ('6', 'reiciendis');
INSERT INTO `communities` (`id`, `name`) VALUES ('9', 'sed');
INSERT INTO `communities` (`id`, `name`) VALUES ('11', 'sit');
INSERT INTO `communities` (`id`, `name`) VALUES ('3', 'soluta');
INSERT INTO `communities` (`id`, `name`) VALUES ('13', 'totam');
INSERT INTO `communities` (`id`, `name`) VALUES ('10', 'unde');
INSERT INTO `communities` (`id`, `name`) VALUES ('15', 'ut');

INSERT INTO `users_communities` (`user_id`, `community_id`) VALUES ('1', '1');
INSERT INTO `users_communities` (`user_id`, `community_id`) VALUES ('2', '2');
INSERT INTO `users_communities` (`user_id`, `community_id`) VALUES ('3', '3');
INSERT INTO `users_communities` (`user_id`, `community_id`) VALUES ('4', '4');
INSERT INTO `users_communities` (`user_id`, `community_id`) VALUES ('5', '5');
INSERT INTO `users_communities` (`user_id`, `community_id`) VALUES ('6', '6');
INSERT INTO `users_communities` (`user_id`, `community_id`) VALUES ('7', '7');
INSERT INTO `users_communities` (`user_id`, `community_id`) VALUES ('8', '8');
INSERT INTO `users_communities` (`user_id`, `community_id`) VALUES ('9', '9');
INSERT INTO `users_communities` (`user_id`, `community_id`) VALUES ('10', '10');
INSERT INTO `users_communities` (`user_id`, `community_id`) VALUES ('11', '11');
INSERT INTO `users_communities` (`user_id`, `community_id`) VALUES ('12', '12');
INSERT INTO `users_communities` (`user_id`, `community_id`) VALUES ('13', '13');
INSERT INTO `users_communities` (`user_id`, `community_id`) VALUES ('14', '14');
INSERT INTO `users_communities` (`user_id`, `community_id`) VALUES ('15', '15');
INSERT INTO `users_communities` (`user_id`, `community_id`) VALUES ('16', '16');
INSERT INTO `users_communities` (`user_id`, `community_id`) VALUES ('17', '17');
INSERT INTO `users_communities` (`user_id`, `community_id`) VALUES ('18', '18');
INSERT INTO `users_communities` (`user_id`, `community_id`) VALUES ('19', '19');
INSERT INTO `users_communities` (`user_id`, `community_id`) VALUES ('20', '20');
INSERT INTO `users_communities` (`user_id`, `community_id`) VALUES ('21', '1');
INSERT INTO `users_communities` (`user_id`, `community_id`) VALUES ('22', '2');
INSERT INTO `users_communities` (`user_id`, `community_id`) VALUES ('23', '3');
INSERT INTO `users_communities` (`user_id`, `community_id`) VALUES ('24', '4');
INSERT INTO `users_communities` (`user_id`, `community_id`) VALUES ('25', '5');
INSERT INTO `users_communities` (`user_id`, `community_id`) VALUES ('26', '6');
INSERT INTO `users_communities` (`user_id`, `community_id`) VALUES ('27', '7');
INSERT INTO `users_communities` (`user_id`, `community_id`) VALUES ('28', '8');
INSERT INTO `users_communities` (`user_id`, `community_id`) VALUES ('29', '9');
INSERT INTO `users_communities` (`user_id`, `community_id`) VALUES ('30', '10');
INSERT INTO `users_communities` (`user_id`, `community_id`) VALUES ('31', '11');
INSERT INTO `users_communities` (`user_id`, `community_id`) VALUES ('32', '12');
INSERT INTO `users_communities` (`user_id`, `community_id`) VALUES ('33', '13');
INSERT INTO `users_communities` (`user_id`, `community_id`) VALUES ('34', '14');
INSERT INTO `users_communities` (`user_id`, `community_id`) VALUES ('35', '15');
INSERT INTO `users_communities` (`user_id`, `community_id`) VALUES ('36', '16');
INSERT INTO `users_communities` (`user_id`, `community_id`) VALUES ('37', '17');
INSERT INTO `users_communities` (`user_id`, `community_id`) VALUES ('38', '18');
INSERT INTO `users_communities` (`user_id`, `community_id`) VALUES ('39', '19');
INSERT INTO `users_communities` (`user_id`, `community_id`) VALUES ('40', '20');
INSERT INTO `users_communities` (`user_id`, `community_id`) VALUES ('41', '1');
INSERT INTO `users_communities` (`user_id`, `community_id`) VALUES ('42', '2');
INSERT INTO `users_communities` (`user_id`, `community_id`) VALUES ('43', '3');
INSERT INTO `users_communities` (`user_id`, `community_id`) VALUES ('44', '4');
INSERT INTO `users_communities` (`user_id`, `community_id`) VALUES ('45', '5');
INSERT INTO `users_communities` (`user_id`, `community_id`) VALUES ('46', '6');
INSERT INTO `users_communities` (`user_id`, `community_id`) VALUES ('47', '7');
INSERT INTO `users_communities` (`user_id`, `community_id`) VALUES ('48', '8');
INSERT INTO `users_communities` (`user_id`, `community_id`) VALUES ('49', '9');
INSERT INTO `users_communities` (`user_id`, `community_id`) VALUES ('50', '10');

INSERT INTO `friend_requests` (`initiator_user_id`, `target_user_id`, `status`, `requested_at`, `confirmed_at`) VALUES ('1', '1', 'requested', '1983-02-28 21:32:07', '2018-06-01 08:54:44');
INSERT INTO `friend_requests` (`initiator_user_id`, `target_user_id`, `status`, `requested_at`, `confirmed_at`) VALUES ('2', '2', 'unfriended', '1983-12-12 11:06:52', '1987-10-23 13:29:42');
INSERT INTO `friend_requests` (`initiator_user_id`, `target_user_id`, `status`, `requested_at`, `confirmed_at`) VALUES ('3', '3', 'declined', '1988-10-11 16:01:21', '2018-09-10 21:41:57');
INSERT INTO `friend_requests` (`initiator_user_id`, `target_user_id`, `status`, `requested_at`, `confirmed_at`) VALUES ('4', '4', 'requested', '1992-11-25 17:12:55', '1973-11-06 21:15:57');
INSERT INTO `friend_requests` (`initiator_user_id`, `target_user_id`, `status`, `requested_at`, `confirmed_at`) VALUES ('5', '5', 'requested', '1973-08-02 03:14:32', '1987-04-08 09:41:10');
INSERT INTO `friend_requests` (`initiator_user_id`, `target_user_id`, `status`, `requested_at`, `confirmed_at`) VALUES ('6', '6', 'approved', '1989-07-31 04:25:38', '1974-10-19 11:32:10');
INSERT INTO `friend_requests` (`initiator_user_id`, `target_user_id`, `status`, `requested_at`, `confirmed_at`) VALUES ('7', '7', 'requested', '2008-03-29 13:41:42', '1995-10-02 11:44:21');
INSERT INTO `friend_requests` (`initiator_user_id`, `target_user_id`, `status`, `requested_at`, `confirmed_at`) VALUES ('8', '8', 'approved', '1973-09-19 20:44:50', '2006-05-19 11:15:12');
INSERT INTO `friend_requests` (`initiator_user_id`, `target_user_id`, `status`, `requested_at`, `confirmed_at`) VALUES ('9', '9', 'approved', '2013-04-29 19:36:59', '1993-01-07 14:19:19');
INSERT INTO `friend_requests` (`initiator_user_id`, `target_user_id`, `status`, `requested_at`, `confirmed_at`) VALUES ('10', '10', 'requested', '1998-01-24 05:42:13', '1991-06-19 15:53:36');
INSERT INTO `friend_requests` (`initiator_user_id`, `target_user_id`, `status`, `requested_at`, `confirmed_at`) VALUES ('11', '11', 'declined', '1989-03-25 03:37:43', '1974-03-18 01:34:08');
INSERT INTO `friend_requests` (`initiator_user_id`, `target_user_id`, `status`, `requested_at`, `confirmed_at`) VALUES ('12', '12', 'approved', '2006-01-28 14:25:22', '1995-06-21 20:36:14');
INSERT INTO `friend_requests` (`initiator_user_id`, `target_user_id`, `status`, `requested_at`, `confirmed_at`) VALUES ('13', '13', 'approved', '2008-08-06 03:29:44', '1991-08-05 01:30:01');
INSERT INTO `friend_requests` (`initiator_user_id`, `target_user_id`, `status`, `requested_at`, `confirmed_at`) VALUES ('14', '14', 'declined', '2009-04-29 18:21:13', '1994-04-18 21:42:28');
INSERT INTO `friend_requests` (`initiator_user_id`, `target_user_id`, `status`, `requested_at`, `confirmed_at`) VALUES ('15', '15', 'requested', '1988-02-17 19:16:22', '1984-12-04 23:45:49');
INSERT INTO `friend_requests` (`initiator_user_id`, `target_user_id`, `status`, `requested_at`, `confirmed_at`) VALUES ('16', '16', 'unfriended', '2015-02-12 05:52:34', '1986-10-02 14:15:10');
INSERT INTO `friend_requests` (`initiator_user_id`, `target_user_id`, `status`, `requested_at`, `confirmed_at`) VALUES ('17', '17', 'requested', '2007-08-28 22:40:15', '1970-05-23 17:28:42');
INSERT INTO `friend_requests` (`initiator_user_id`, `target_user_id`, `status`, `requested_at`, `confirmed_at`) VALUES ('18', '18', 'declined', '1981-05-13 23:47:04', '1971-11-22 21:10:03');
INSERT INTO `friend_requests` (`initiator_user_id`, `target_user_id`, `status`, `requested_at`, `confirmed_at`) VALUES ('19', '19', 'declined', '2008-01-19 18:19:01', '2001-06-03 15:46:33');
INSERT INTO `friend_requests` (`initiator_user_id`, `target_user_id`, `status`, `requested_at`, `confirmed_at`) VALUES ('20', '20', 'approved', '2019-08-16 08:28:04', '1997-07-19 04:16:34');
INSERT INTO `friend_requests` (`initiator_user_id`, `target_user_id`, `status`, `requested_at`, `confirmed_at`) VALUES ('21', '21', 'requested', '2010-04-12 13:36:57', '1991-11-27 11:36:53');
INSERT INTO `friend_requests` (`initiator_user_id`, `target_user_id`, `status`, `requested_at`, `confirmed_at`) VALUES ('22', '22', 'unfriended', '1995-07-23 20:58:21', '1974-11-10 02:09:32');
INSERT INTO `friend_requests` (`initiator_user_id`, `target_user_id`, `status`, `requested_at`, `confirmed_at`) VALUES ('23', '23', 'approved', '1989-05-29 08:51:39', '2003-01-11 17:38:58');
INSERT INTO `friend_requests` (`initiator_user_id`, `target_user_id`, `status`, `requested_at`, `confirmed_at`) VALUES ('24', '24', 'approved', '1979-11-30 04:13:06', '1993-08-26 00:06:25');
INSERT INTO `friend_requests` (`initiator_user_id`, `target_user_id`, `status`, `requested_at`, `confirmed_at`) VALUES ('25', '25', 'declined', '1987-11-11 03:06:36', '2018-08-11 22:01:13');
INSERT INTO `friend_requests` (`initiator_user_id`, `target_user_id`, `status`, `requested_at`, `confirmed_at`) VALUES ('26', '26', 'declined', '1979-01-21 19:26:03', '1982-01-07 11:14:38');
INSERT INTO `friend_requests` (`initiator_user_id`, `target_user_id`, `status`, `requested_at`, `confirmed_at`) VALUES ('27', '27', 'declined', '2012-04-17 16:56:08', '1976-12-17 08:11:16');
INSERT INTO `friend_requests` (`initiator_user_id`, `target_user_id`, `status`, `requested_at`, `confirmed_at`) VALUES ('28', '28', 'approved', '1989-04-16 07:04:21', '2018-12-11 23:43:41');
INSERT INTO `friend_requests` (`initiator_user_id`, `target_user_id`, `status`, `requested_at`, `confirmed_at`) VALUES ('29', '29', 'requested', '2002-01-09 10:05:30', '1994-01-28 22:31:52');
INSERT INTO `friend_requests` (`initiator_user_id`, `target_user_id`, `status`, `requested_at`, `confirmed_at`) VALUES ('30', '30', 'approved', '2009-12-02 14:06:10', '1984-09-14 05:09:08');
INSERT INTO `friend_requests` (`initiator_user_id`, `target_user_id`, `status`, `requested_at`, `confirmed_at`) VALUES ('31', '31', 'unfriended', '1992-07-17 03:39:33', '1988-05-02 04:37:20');
INSERT INTO `friend_requests` (`initiator_user_id`, `target_user_id`, `status`, `requested_at`, `confirmed_at`) VALUES ('32', '32', 'requested', '2003-05-11 02:46:03', '1986-01-24 05:59:55');
INSERT INTO `friend_requests` (`initiator_user_id`, `target_user_id`, `status`, `requested_at`, `confirmed_at`) VALUES ('33', '33', 'declined', '1992-08-03 18:07:26', '1981-11-30 14:50:33');
INSERT INTO `friend_requests` (`initiator_user_id`, `target_user_id`, `status`, `requested_at`, `confirmed_at`) VALUES ('34', '34', 'unfriended', '1997-12-13 23:30:54', '1997-06-18 07:19:47');
INSERT INTO `friend_requests` (`initiator_user_id`, `target_user_id`, `status`, `requested_at`, `confirmed_at`) VALUES ('35', '35', 'approved', '2008-12-19 20:40:47', '2000-02-09 07:09:17');
INSERT INTO `friend_requests` (`initiator_user_id`, `target_user_id`, `status`, `requested_at`, `confirmed_at`) VALUES ('36', '36', 'requested', '1985-05-22 16:05:57', '1990-02-28 15:39:01');
INSERT INTO `friend_requests` (`initiator_user_id`, `target_user_id`, `status`, `requested_at`, `confirmed_at`) VALUES ('37', '37', 'approved', '1983-09-23 11:06:38', '1991-01-24 21:22:30');
INSERT INTO `friend_requests` (`initiator_user_id`, `target_user_id`, `status`, `requested_at`, `confirmed_at`) VALUES ('38', '38', 'requested', '2011-09-20 03:32:07', '1998-09-26 21:00:06');
INSERT INTO `friend_requests` (`initiator_user_id`, `target_user_id`, `status`, `requested_at`, `confirmed_at`) VALUES ('39', '39', 'unfriended', '2002-05-11 20:48:47', '2014-12-16 17:43:32');
INSERT INTO `friend_requests` (`initiator_user_id`, `target_user_id`, `status`, `requested_at`, `confirmed_at`) VALUES ('40', '40', 'declined', '1975-12-05 07:34:16', '1974-08-10 20:30:39');
INSERT INTO `friend_requests` (`initiator_user_id`, `target_user_id`, `status`, `requested_at`, `confirmed_at`) VALUES ('41', '41', 'requested', '1979-11-09 23:22:53', '1998-08-08 00:48:41');
INSERT INTO `friend_requests` (`initiator_user_id`, `target_user_id`, `status`, `requested_at`, `confirmed_at`) VALUES ('42', '42', 'requested', '1973-01-06 12:19:07', '1997-06-29 02:28:09');
INSERT INTO `friend_requests` (`initiator_user_id`, `target_user_id`, `status`, `requested_at`, `confirmed_at`) VALUES ('43', '43', 'approved', '1988-03-21 03:10:38', '2003-07-23 08:02:20');
INSERT INTO `friend_requests` (`initiator_user_id`, `target_user_id`, `status`, `requested_at`, `confirmed_at`) VALUES ('44', '44', 'requested', '2003-05-31 13:53:51', '1990-05-24 15:28:34');
INSERT INTO `friend_requests` (`initiator_user_id`, `target_user_id`, `status`, `requested_at`, `confirmed_at`) VALUES ('45', '45', 'requested', '2006-04-30 19:37:34', '2015-11-07 16:32:29');
INSERT INTO `friend_requests` (`initiator_user_id`, `target_user_id`, `status`, `requested_at`, `confirmed_at`) VALUES ('46', '46', 'declined', '1995-04-04 02:56:02', '1999-05-28 18:32:05');
INSERT INTO `friend_requests` (`initiator_user_id`, `target_user_id`, `status`, `requested_at`, `confirmed_at`) VALUES ('47', '47', 'declined', '1984-07-14 16:53:00', '1985-01-23 08:14:46');
INSERT INTO `friend_requests` (`initiator_user_id`, `target_user_id`, `status`, `requested_at`, `confirmed_at`) VALUES ('48', '48', 'requested', '2003-01-10 09:26:00', '2008-03-04 11:59:09');
INSERT INTO `friend_requests` (`initiator_user_id`, `target_user_id`, `status`, `requested_at`, `confirmed_at`) VALUES ('49', '49', 'unfriended', '2009-01-06 01:23:11', '2013-03-26 06:41:14');
INSERT INTO `friend_requests` (`initiator_user_id`, `target_user_id`, `status`, `requested_at`, `confirmed_at`) VALUES ('50', '50', 'unfriended', '1989-03-28 16:18:38', '1996-06-14 09:50:54');

INSERT INTO `messages` (`id`, `from_user_id`, `to_user_id`, `body`, `created_at`) VALUES ('1', '1', '1', 'Aut deserunt libero necessitatibus aut consectetur recusandae est. Ducimus itaque eum et aut aut consequatur velit maiores. Adipisci harum sapiente enim fuga.', '2003-05-13 06:31:31');
INSERT INTO `messages` (`id`, `from_user_id`, `to_user_id`, `body`, `created_at`) VALUES ('2', '2', '2', 'Expedita nemo tempora quas rerum. Eum est fuga est dicta et.', '2019-02-06 15:21:22');
INSERT INTO `messages` (`id`, `from_user_id`, `to_user_id`, `body`, `created_at`) VALUES ('3', '3', '3', 'Non deserunt qui dolorum et. Quas et repudiandae molestiae voluptatem non voluptas. Aliquam amet et maiores asperiores. Expedita expedita veritatis architecto.', '1984-02-13 06:25:11');
INSERT INTO `messages` (`id`, `from_user_id`, `to_user_id`, `body`, `created_at`) VALUES ('4', '4', '4', 'Molestias ab ut est optio in error. Quis eius in soluta deleniti laudantium. Sunt omnis molestias sed voluptatibus maxime.', '1998-06-11 16:12:18');
INSERT INTO `messages` (`id`, `from_user_id`, `to_user_id`, `body`, `created_at`) VALUES ('5', '5', '5', 'Rem laudantium eligendi cupiditate velit rem. Suscipit eius vitae molestiae dolorem nulla. Aut corporis quod est suscipit praesentium id.', '2001-12-31 13:42:56');
INSERT INTO `messages` (`id`, `from_user_id`, `to_user_id`, `body`, `created_at`) VALUES ('6', '6', '6', 'Ratione magni voluptates at dignissimos corporis doloremque. Doloremque voluptas ratione qui nulla ut. Maxime quae omnis porro nesciunt consequatur quod quibusdam aliquam. Odit ad est quaerat rerum ut cum et.', '2018-10-23 11:06:19');
INSERT INTO `messages` (`id`, `from_user_id`, `to_user_id`, `body`, `created_at`) VALUES ('7', '7', '7', 'Quibusdam placeat sit adipisci quam at alias. Ut nemo necessitatibus dicta minima earum iste reiciendis. Quia repellat blanditiis quasi inventore nemo sed sed sit. Aperiam explicabo dicta porro consequatur.', '2005-03-22 19:15:16');
INSERT INTO `messages` (`id`, `from_user_id`, `to_user_id`, `body`, `created_at`) VALUES ('8', '8', '8', 'Occaecati quia facere tempora maxime dignissimos. Sapiente at est laudantium reiciendis explicabo sit. Fugiat saepe quam sed. Nisi ad et corporis sunt maiores ab nihil earum. Ut aut non vitae quidem veniam.', '1973-06-10 09:47:35');
INSERT INTO `messages` (`id`, `from_user_id`, `to_user_id`, `body`, `created_at`) VALUES ('9', '9', '9', 'Ducimus ut at cupiditate ut sit atque deserunt. Eos quo vel nesciunt sapiente. Iusto quisquam quia doloremque aspernatur consectetur perferendis quia. Amet quos minima sit quos sint.', '1996-02-22 12:19:10');
INSERT INTO `messages` (`id`, `from_user_id`, `to_user_id`, `body`, `created_at`) VALUES ('10', '10', '10', 'Nisi non perferendis nulla dicta doloribus. Ducimus quam delectus esse et rem dicta ut. Consectetur ipsa nisi sit corporis consequatur recusandae. Molestias quas blanditiis rerum consequatur ipsa et.', '1994-01-07 00:38:47');
INSERT INTO `messages` (`id`, `from_user_id`, `to_user_id`, `body`, `created_at`) VALUES ('11', '11', '11', 'Explicabo quibusdam eligendi dolorum asperiores et itaque blanditiis molestiae. Consequatur ea ea quas saepe nostrum quaerat. Similique laboriosam animi deserunt amet quia delectus. Quae velit nostrum autem.', '1988-10-06 13:17:51');
INSERT INTO `messages` (`id`, `from_user_id`, `to_user_id`, `body`, `created_at`) VALUES ('12', '12', '12', 'Sit odit sint nulla dicta. Quo illo ratione sed doloremque.', '2003-09-15 09:26:48');
INSERT INTO `messages` (`id`, `from_user_id`, `to_user_id`, `body`, `created_at`) VALUES ('13', '13', '13', 'Sunt optio ut quae perspiciatis quasi est earum. Aperiam dolor esse aliquam aut porro quasi. Dignissimos neque ea qui amet labore accusamus. Quo rerum ut ipsam delectus ea.', '2012-04-14 02:20:44');
INSERT INTO `messages` (`id`, `from_user_id`, `to_user_id`, `body`, `created_at`) VALUES ('14', '14', '14', 'Similique eos est ut ut ducimus nihil doloremque. Nostrum repudiandae corrupti sed aut. Temporibus ea repellat quis enim doloribus.', '1983-01-23 09:57:01');
INSERT INTO `messages` (`id`, `from_user_id`, `to_user_id`, `body`, `created_at`) VALUES ('15', '15', '15', 'Sapiente maxime odit delectus numquam. Nobis amet officia dolorum quia laboriosam est quaerat. Ut soluta sunt et et illum consequatur molestiae. Dolorem iste illum eaque distinctio cumque. Sunt ratione quo odio fuga esse.', '2013-06-18 07:33:19');
INSERT INTO `messages` (`id`, `from_user_id`, `to_user_id`, `body`, `created_at`) VALUES ('16', '16', '16', 'Ab ut fugiat excepturi dolorem error doloremque. Placeat tenetur at in. Consectetur ratione laboriosam ut minima.', '2019-01-31 21:53:08');
INSERT INTO `messages` (`id`, `from_user_id`, `to_user_id`, `body`, `created_at`) VALUES ('17', '17', '17', 'Omnis nulla eum modi ea culpa omnis. Et molestiae maxime dolorum quidem rem. Ratione molestias sed placeat error soluta quo. Sint ipsa ipsam nesciunt non.', '1986-08-19 23:33:38');
INSERT INTO `messages` (`id`, `from_user_id`, `to_user_id`, `body`, `created_at`) VALUES ('18', '18', '18', 'Architecto tenetur sequi facilis aut. Nostrum voluptas ut aspernatur quam iure. Qui deleniti vel et perspiciatis. Voluptatem tempora numquam voluptatem rerum voluptate temporibus maxime.', '1979-01-04 05:47:06');
INSERT INTO `messages` (`id`, `from_user_id`, `to_user_id`, `body`, `created_at`) VALUES ('19', '19', '19', 'Officia modi iure reprehenderit voluptatibus. Est ea ut error qui. Est in reprehenderit aut ut in id nobis. Animi cum sint iure autem odio error maiores quo.', '1992-05-01 10:02:43');
INSERT INTO `messages` (`id`, `from_user_id`, `to_user_id`, `body`, `created_at`) VALUES ('20', '20', '20', 'Quisquam quis eius accusantium sapiente ab porro reprehenderit nihil. Provident cupiditate debitis quia quo sit voluptate qui. At commodi iusto ut dicta velit.', '1978-10-13 11:50:23');
INSERT INTO `messages` (`id`, `from_user_id`, `to_user_id`, `body`, `created_at`) VALUES ('21', '21', '21', 'Ullam rerum reprehenderit libero voluptatem quaerat aut. Qui voluptatem qui nulla voluptatibus hic rem. Commodi eligendi totam velit magni.', '1980-12-19 09:03:27');
INSERT INTO `messages` (`id`, `from_user_id`, `to_user_id`, `body`, `created_at`) VALUES ('22', '22', '22', 'Id dicta libero explicabo ut quia minima autem. Quo doloremque earum et occaecati architecto. Eaque porro nihil atque nesciunt suscipit reprehenderit. Ea dolores molestiae qui quia vero est odit modi. Pariatur voluptas ex non voluptas aut aperiam ipsa.', '1999-12-20 10:31:13');
INSERT INTO `messages` (`id`, `from_user_id`, `to_user_id`, `body`, `created_at`) VALUES ('23', '23', '23', 'Quo non quas adipisci exercitationem illo. Facere corrupti nihil soluta non ipsa quia fuga. Aut hic nobis officia perspiciatis.', '1996-07-16 11:52:35');
INSERT INTO `messages` (`id`, `from_user_id`, `to_user_id`, `body`, `created_at`) VALUES ('24', '24', '24', 'Aliquam impedit quo et magnam earum aperiam officia. Culpa rerum est exercitationem repellat veniam aut. Ducimus impedit animi et porro at accusamus impedit. Magni eum est fuga dicta.', '1970-08-01 22:15:37');
INSERT INTO `messages` (`id`, `from_user_id`, `to_user_id`, `body`, `created_at`) VALUES ('25', '25', '25', 'Quaerat necessitatibus dolorum dolorum temporibus dolorem. Voluptate magnam ut harum error quisquam eum labore. Adipisci repellat laudantium dolor eaque.', '2006-03-21 11:50:37');
INSERT INTO `messages` (`id`, `from_user_id`, `to_user_id`, `body`, `created_at`) VALUES ('26', '26', '26', 'Itaque est ut neque fugiat est consectetur assumenda molestiae. Perspiciatis nostrum autem quas et est impedit. Omnis quas quia nam fugit. Sed est ipsa quia sint deleniti non.', '1995-10-06 21:09:13');
INSERT INTO `messages` (`id`, `from_user_id`, `to_user_id`, `body`, `created_at`) VALUES ('27', '27', '27', 'Quo et voluptatem velit doloremque architecto. Eos similique voluptatibus velit sapiente sed modi. Voluptas voluptas dolor natus rerum inventore eaque alias quae.', '1979-06-18 15:01:47');
INSERT INTO `messages` (`id`, `from_user_id`, `to_user_id`, `body`, `created_at`) VALUES ('28', '28', '28', 'Quia incidunt facere et eligendi omnis quae maxime mollitia. Aliquid nostrum dolores porro nulla quas veritatis. Tempore quia rerum maxime ipsam dolores ut delectus.', '1990-03-06 11:04:33');
INSERT INTO `messages` (`id`, `from_user_id`, `to_user_id`, `body`, `created_at`) VALUES ('29', '29', '29', 'Ab maiores optio dolorum quia enim libero ea. Explicabo at ut occaecati quasi architecto sunt.', '1977-02-13 18:45:34');
INSERT INTO `messages` (`id`, `from_user_id`, `to_user_id`, `body`, `created_at`) VALUES ('30', '30', '30', 'Quibusdam et inventore aut voluptatem ut. Animi quia facere aliquam qui vel id. Autem rem quis rerum. Inventore tempore non atque fuga autem quaerat.', '2006-01-21 00:21:33');
INSERT INTO `messages` (`id`, `from_user_id`, `to_user_id`, `body`, `created_at`) VALUES ('31', '31', '31', 'Nisi optio et et eligendi qui. Impedit totam sunt neque reiciendis quia nisi. Porro et molestiae velit alias aut. Et atque harum est.', '1976-06-14 23:08:47');
INSERT INTO `messages` (`id`, `from_user_id`, `to_user_id`, `body`, `created_at`) VALUES ('32', '32', '32', 'Atque doloribus pariatur qui officia ipsam exercitationem. Magnam recusandae molestiae nulla ipsum deserunt aut. Est corrupti quia laborum voluptatem voluptatem repellendus. Accusamus vero est quia voluptas maxime dolorum voluptates.', '2015-06-30 08:47:02');
INSERT INTO `messages` (`id`, `from_user_id`, `to_user_id`, `body`, `created_at`) VALUES ('33', '33', '33', 'Similique exercitationem eveniet eveniet. Quia et tenetur et distinctio. Voluptatem qui sequi fugit quam minus a repellendus.', '1976-12-11 15:28:01');
INSERT INTO `messages` (`id`, `from_user_id`, `to_user_id`, `body`, `created_at`) VALUES ('34', '34', '34', 'Explicabo delectus a ut qui vel. Impedit perferendis saepe et. Officiis aut quam aperiam neque ut et provident fugiat. Quae dolorem voluptatem sed sed.', '1991-09-11 01:41:14');
INSERT INTO `messages` (`id`, `from_user_id`, `to_user_id`, `body`, `created_at`) VALUES ('35', '35', '35', 'Est veritatis sed est omnis. Quo illo doloremque ea nam quibusdam. Consequuntur officia animi eos minima error.', '2007-04-20 21:51:33');
INSERT INTO `messages` (`id`, `from_user_id`, `to_user_id`, `body`, `created_at`) VALUES ('36', '36', '36', 'Asperiores commodi aut officia ut sed ipsam. Laborum repellendus est veniam ea. Illum modi occaecati minima dolorem autem quae veritatis consequatur. Debitis est eum cumque aut voluptatibus molestiae deleniti enim.', '1972-02-27 22:06:44');
INSERT INTO `messages` (`id`, `from_user_id`, `to_user_id`, `body`, `created_at`) VALUES ('37', '37', '37', 'Doloribus sequi sapiente dolorum explicabo enim sit. Voluptas a fuga et quo non ut. Iste sit eum animi animi ea. Ab provident modi voluptas est.', '1992-08-20 04:40:55');
INSERT INTO `messages` (`id`, `from_user_id`, `to_user_id`, `body`, `created_at`) VALUES ('38', '38', '38', 'Aspernatur nihil laudantium alias dolore molestias quas harum. Iure et molestias numquam est ipsam sint commodi. Molestias in eaque quia cumque illo voluptas ducimus.', '1983-02-12 02:55:06');
INSERT INTO `messages` (`id`, `from_user_id`, `to_user_id`, `body`, `created_at`) VALUES ('39', '39', '39', 'Voluptate minus quia sit reiciendis enim. Similique quidem odio culpa ducimus. Repellat repudiandae qui neque dolore est voluptatem necessitatibus. Eum officiis voluptas officiis rerum ut.', '1990-05-09 15:50:55');
INSERT INTO `messages` (`id`, `from_user_id`, `to_user_id`, `body`, `created_at`) VALUES ('40', '40', '40', 'Facere id sequi accusantium voluptatibus et quo. Enim eveniet et molestiae in. Provident non repellendus labore assumenda culpa.', '2005-07-14 02:15:40');
INSERT INTO `messages` (`id`, `from_user_id`, `to_user_id`, `body`, `created_at`) VALUES ('41', '41', '41', 'Non soluta minus voluptatem. Quidem iste hic molestiae excepturi est. Cumque dolor veritatis delectus voluptates.', '1973-12-27 09:52:52');
INSERT INTO `messages` (`id`, `from_user_id`, `to_user_id`, `body`, `created_at`) VALUES ('42', '42', '42', 'Est eaque sint sint libero. Fuga possimus sint quis molestiae porro odit. Id enim quia nulla qui eum quisquam id. Quibusdam libero sunt ipsum culpa.', '1980-11-07 18:32:32');
INSERT INTO `messages` (`id`, `from_user_id`, `to_user_id`, `body`, `created_at`) VALUES ('43', '43', '43', 'Ut quisquam soluta est delectus. Explicabo esse consequatur dolorum unde ab.', '1996-12-24 09:54:47');
INSERT INTO `messages` (`id`, `from_user_id`, `to_user_id`, `body`, `created_at`) VALUES ('44', '44', '44', 'Exercitationem sed modi expedita. Et quia quia laboriosam sed non est cum. Facilis voluptatem labore temporibus ut. Quia et voluptatem architecto tempore suscipit laboriosam.', '2019-05-15 23:51:47');
INSERT INTO `messages` (`id`, `from_user_id`, `to_user_id`, `body`, `created_at`) VALUES ('45', '45', '45', 'Autem reprehenderit in architecto doloribus non iure. Libero necessitatibus id fugiat labore sed fuga. Atque officia fugiat consequatur eum doloremque libero.', '2011-06-02 04:02:33');
INSERT INTO `messages` (`id`, `from_user_id`, `to_user_id`, `body`, `created_at`) VALUES ('46', '46', '46', 'Laudantium autem quos placeat. Autem laborum et id. Fuga accusamus itaque non hic.', '1972-02-07 22:19:37');
INSERT INTO `messages` (`id`, `from_user_id`, `to_user_id`, `body`, `created_at`) VALUES ('47', '47', '47', 'Illo sunt nobis et non omnis. Quaerat et doloremque at odio.', '1999-06-11 18:20:03');
INSERT INTO `messages` (`id`, `from_user_id`, `to_user_id`, `body`, `created_at`) VALUES ('48', '48', '48', 'Qui id quos qui tempora est. Sit et exercitationem repellendus omnis. Aut iste omnis expedita aut. Architecto aut ea magnam non consequatur a.', '2004-09-03 23:05:31');
INSERT INTO `messages` (`id`, `from_user_id`, `to_user_id`, `body`, `created_at`) VALUES ('49', '49', '49', 'Qui delectus occaecati distinctio non neque corporis totam. Accusamus earum maxime est molestias. Qui deleniti quia praesentium et pariatur qui facere. Voluptatem ipsam sed et totam sit.', '1977-08-03 10:05:07');
INSERT INTO `messages` (`id`, `from_user_id`, `to_user_id`, `body`, `created_at`) VALUES ('50', '50', '50', 'Non dicta laboriosam quidem in voluptas tempora quos doloribus. Vel nostrum illum quasi. Quas repellendus nam nulla et.', '1978-08-09 23:47:40');
INSERT INTO `messages` (`id`, `from_user_id`, `to_user_id`, `body`, `created_at`) VALUES ('51', '51', '51', 'Dicta sunt inventore maxime sapiente id officiis. Provident fuga dolorum quia esse et et a. Minus voluptas facilis id aut et velit illum ipsum.', '2019-03-19 04:32:33');
INSERT INTO `messages` (`id`, `from_user_id`, `to_user_id`, `body`, `created_at`) VALUES ('52', '52', '52', 'Rerum ullam quae quo veritatis fuga iure. Dicta eaque cupiditate hic. Dolores soluta et voluptatum sint.', '1974-08-30 05:57:22');
INSERT INTO `messages` (`id`, `from_user_id`, `to_user_id`, `body`, `created_at`) VALUES ('53', '53', '53', 'Fugit expedita aliquam sed tempora consequuntur distinctio et tempore. Amet quibusdam ut excepturi dolor nemo non. Saepe fugit distinctio dignissimos aut voluptate quae. Beatae totam sint assumenda ea voluptatum qui eum dolores.', '2008-08-03 09:06:51');
INSERT INTO `messages` (`id`, `from_user_id`, `to_user_id`, `body`, `created_at`) VALUES ('54', '54', '54', 'Mollitia deleniti fuga modi. Natus voluptatem eum aut repellat a adipisci. Velit explicabo aut et eligendi est omnis. Blanditiis est rerum quo facere debitis. Vitae rem fugit quam enim.', '1975-10-06 10:36:06');
INSERT INTO `messages` (`id`, `from_user_id`, `to_user_id`, `body`, `created_at`) VALUES ('55', '55', '55', 'Dolores est necessitatibus dolores quia consequatur facilis. Temporibus vel expedita odio incidunt cum accusamus eum. Consequatur et consectetur laborum voluptates consectetur eos reprehenderit.', '2017-05-21 04:20:03');
INSERT INTO `messages` (`id`, `from_user_id`, `to_user_id`, `body`, `created_at`) VALUES ('56', '56', '56', 'Earum eum sit officiis similique. Atque laboriosam pariatur quod. Ut esse hic consequuntur rerum. Quaerat ut error tempore quis voluptatem saepe numquam.', '1990-06-25 11:31:21');
INSERT INTO `messages` (`id`, `from_user_id`, `to_user_id`, `body`, `created_at`) VALUES ('57', '57', '57', 'Facilis unde velit reprehenderit dolore voluptas fuga. Et optio aperiam dolores. Quisquam doloribus labore fugit illo.', '1985-06-23 15:18:58');
INSERT INTO `messages` (`id`, `from_user_id`, `to_user_id`, `body`, `created_at`) VALUES ('58', '58', '58', 'Repellat nulla quis dolor alias. Quos officiis tenetur aliquid itaque magnam quisquam rerum. Harum molestiae assumenda in perspiciatis ducimus sed.', '1997-12-15 00:54:22');
INSERT INTO `messages` (`id`, `from_user_id`, `to_user_id`, `body`, `created_at`) VALUES ('59', '59', '59', 'Quo qui enim modi deserunt excepturi omnis optio minus. Ea hic quasi labore adipisci veniam numquam. Sit vero saepe rem incidunt quod repellat. Ut iure voluptatum mollitia.', '1976-12-20 10:35:49');
INSERT INTO `messages` (`id`, `from_user_id`, `to_user_id`, `body`, `created_at`) VALUES ('60', '60', '60', 'Quasi voluptatum sunt voluptas ex dignissimos odit. Quia ad ea debitis ut ut corporis in doloribus.', '1984-11-11 10:58:05');
INSERT INTO `messages` (`id`, `from_user_id`, `to_user_id`, `body`, `created_at`) VALUES ('61', '61', '61', 'Est sed officia itaque vero aut modi. Id culpa eveniet inventore qui. Officiis dolorum quo at est a neque fugit.', '2017-01-14 16:02:50');
INSERT INTO `messages` (`id`, `from_user_id`, `to_user_id`, `body`, `created_at`) VALUES ('62', '62', '62', 'Repudiandae nobis quia neque fuga aut sit dolorum. Illo mollitia consequatur dolores autem et quasi perspiciatis. Voluptate culpa laborum sint labore.', '1995-05-21 19:28:21');
INSERT INTO `messages` (`id`, `from_user_id`, `to_user_id`, `body`, `created_at`) VALUES ('63', '63', '63', 'Quas fugit quia aut sit eius cum similique. Id et maxime sunt architecto. Qui laborum quia ut quia est minus similique similique. Voluptatem saepe non et quam et.', '1974-11-27 17:53:25');
INSERT INTO `messages` (`id`, `from_user_id`, `to_user_id`, `body`, `created_at`) VALUES ('64', '64', '64', 'Dolores deserunt iste vel unde. Maxime saepe et ut libero sint. Laboriosam id ullam magnam numquam soluta ut eius. Officia ab sequi tempora ducimus. Magni et aliquid qui consectetur quisquam in.', '1987-03-27 12:34:12');
INSERT INTO `messages` (`id`, `from_user_id`, `to_user_id`, `body`, `created_at`) VALUES ('65', '65', '65', 'Hic laboriosam nihil accusamus praesentium fuga. Et perferendis rem impedit consectetur omnis voluptatem. Eos ipsam illum hic ullam. Placeat quaerat unde dolor sunt aut rem et.', '2006-08-09 00:43:49');
INSERT INTO `messages` (`id`, `from_user_id`, `to_user_id`, `body`, `created_at`) VALUES ('66', '66', '66', 'Fugiat atque quod ut sunt officia. Aut voluptatum harum dolores fuga in ut ab consequuntur. Exercitationem voluptates vero a temporibus nihil. Ipsam repellendus in voluptatibus qui atque quaerat.', '2016-11-08 18:52:11');
INSERT INTO `messages` (`id`, `from_user_id`, `to_user_id`, `body`, `created_at`) VALUES ('67', '67', '67', 'Quis quia atque laborum quia nam qui minima. Mollitia beatae est beatae doloribus. Voluptas quo dolore est qui non esse molestiae. Dicta illum molestiae iusto laborum veniam.', '1996-09-20 01:03:59');
INSERT INTO `messages` (`id`, `from_user_id`, `to_user_id`, `body`, `created_at`) VALUES ('68', '68', '68', 'Provident aut architecto non cupiditate ut ipsum odit. Voluptatem libero consequatur et voluptas. Pariatur sunt odio natus sint alias iure.', '1988-03-17 19:27:36');
INSERT INTO `messages` (`id`, `from_user_id`, `to_user_id`, `body`, `created_at`) VALUES ('69', '69', '69', 'Nostrum sunt maiores incidunt voluptatem libero. Ullam hic et culpa cumque earum odit corporis quidem. Occaecati aut sit qui quasi quae quos consequatur pariatur. Corrupti ut possimus quibusdam et mollitia.', '1973-09-11 01:08:30');
INSERT INTO `messages` (`id`, `from_user_id`, `to_user_id`, `body`, `created_at`) VALUES ('70', '70', '70', 'Sequi voluptatem sequi voluptatibus corporis voluptatibus fugiat. Omnis perferendis et et. Voluptates laboriosam beatae maiores exercitationem vel unde voluptatem quos. Labore id exercitationem et adipisci.', '1985-12-02 03:58:20');
INSERT INTO `messages` (`id`, `from_user_id`, `to_user_id`, `body`, `created_at`) VALUES ('71', '71', '71', 'At illo aut sunt nemo ad deleniti sint velit. Aliquid excepturi et est ratione est expedita. Magni nostrum optio in. Et illo iste exercitationem odit.', '1974-08-31 16:24:07');
INSERT INTO `messages` (`id`, `from_user_id`, `to_user_id`, `body`, `created_at`) VALUES ('72', '72', '72', 'Voluptatibus occaecati quos explicabo temporibus. Velit est ipsam nobis asperiores commodi. Voluptas esse quod et at neque maxime dolorum.', '2001-06-01 18:40:38');
INSERT INTO `messages` (`id`, `from_user_id`, `to_user_id`, `body`, `created_at`) VALUES ('73', '73', '73', 'Dicta facere eveniet quasi amet. Nihil et nihil dolorum ullam ut excepturi ducimus dolorem. Consequatur error eos repudiandae aspernatur qui earum nemo. Reiciendis commodi voluptatum est laborum.', '1971-05-13 11:33:18');
INSERT INTO `messages` (`id`, `from_user_id`, `to_user_id`, `body`, `created_at`) VALUES ('74', '74', '74', 'Itaque pariatur ut beatae vel est commodi. Repudiandae pariatur expedita aut deserunt explicabo pariatur reprehenderit. Accusamus quis beatae eligendi saepe dicta.', '1977-01-20 02:36:09');
INSERT INTO `messages` (`id`, `from_user_id`, `to_user_id`, `body`, `created_at`) VALUES ('75', '75', '75', 'Quo perferendis iste eum id et rerum. Illum consequatur pariatur odio eos. Totam ducimus assumenda dolorem aliquam.', '2015-03-04 19:17:33');
INSERT INTO `messages` (`id`, `from_user_id`, `to_user_id`, `body`, `created_at`) VALUES ('76', '76', '76', 'Expedita aperiam veniam ut omnis nihil doloremque. Sunt odio sit est saepe quibusdam natus ratione.', '1987-06-17 06:56:24');
INSERT INTO `messages` (`id`, `from_user_id`, `to_user_id`, `body`, `created_at`) VALUES ('77', '77', '77', 'A nam explicabo rerum et delectus. Non voluptatem quia magnam quis. Doloribus consequatur consectetur voluptas qui rerum.', '1970-09-09 11:15:32');
INSERT INTO `messages` (`id`, `from_user_id`, `to_user_id`, `body`, `created_at`) VALUES ('78', '78', '78', 'Ut consequatur dicta eos et dolore vel et. Esse odit alias incidunt quis numquam velit laudantium. Amet officiis magni ut et nisi est quam vel. Veritatis est nesciunt suscipit magnam occaecati aut consequatur.', '1990-12-10 07:42:42');
INSERT INTO `messages` (`id`, `from_user_id`, `to_user_id`, `body`, `created_at`) VALUES ('79', '79', '79', 'Voluptatem impedit possimus repellat ipsam maxime aliquid accusantium. Voluptas ducimus hic quo ea dolorem. Excepturi ratione rerum laboriosam sequi ad vel similique. Ab quasi non totam eaque blanditiis quo aliquam.', '1994-06-03 20:41:14');
INSERT INTO `messages` (`id`, `from_user_id`, `to_user_id`, `body`, `created_at`) VALUES ('80', '80', '80', 'Ea sed aut nihil facilis quo voluptatum nihil. Tempore veniam libero magnam omnis natus sunt qui.', '1982-08-07 16:16:16');
INSERT INTO `messages` (`id`, `from_user_id`, `to_user_id`, `body`, `created_at`) VALUES ('81', '81', '81', 'Doloremque expedita non reiciendis. Numquam ut deleniti sed beatae eum sint. Cumque eius dolor recusandae qui rem. Tempore iste ut pariatur dolor distinctio.', '2001-10-30 02:35:23');
INSERT INTO `messages` (`id`, `from_user_id`, `to_user_id`, `body`, `created_at`) VALUES ('82', '82', '82', 'Voluptas culpa veritatis qui mollitia. Molestiae dignissimos hic et amet dolor id. Sapiente deserunt ea pariatur blanditiis.', '1976-01-23 19:43:02');
INSERT INTO `messages` (`id`, `from_user_id`, `to_user_id`, `body`, `created_at`) VALUES ('83', '83', '83', 'Voluptates qui sed est impedit eaque. Autem eum fuga corporis et quia omnis illum. Nobis suscipit dolorem perspiciatis. Sapiente ut et cupiditate numquam aut omnis consequatur.', '2018-05-13 20:07:20');
INSERT INTO `messages` (`id`, `from_user_id`, `to_user_id`, `body`, `created_at`) VALUES ('84', '84', '84', 'Sed asperiores voluptas possimus quibusdam reiciendis voluptates. Id in facilis magnam veritatis dignissimos debitis temporibus. Autem earum et numquam accusamus distinctio laborum est. Blanditiis repudiandae est deserunt aut maiores.', '2008-07-28 01:35:41');
INSERT INTO `messages` (`id`, `from_user_id`, `to_user_id`, `body`, `created_at`) VALUES ('85', '85', '85', 'Vel nihil est aliquid nemo. Eligendi deserunt consequatur quae commodi quibusdam dolor et. Quia exercitationem tempore exercitationem sed quia at facere.', '2011-06-19 16:32:11');
INSERT INTO `messages` (`id`, `from_user_id`, `to_user_id`, `body`, `created_at`) VALUES ('86', '86', '86', 'Odit quidem aperiam consequatur expedita. Perferendis eius voluptatem deleniti dolorem. Consequatur est modi velit enim ut.', '2008-02-28 03:59:51');
INSERT INTO `messages` (`id`, `from_user_id`, `to_user_id`, `body`, `created_at`) VALUES ('87', '87', '87', 'Placeat quia vel minus. Nemo quasi adipisci enim dolores eaque. Ducimus veniam inventore quae nihil ratione aspernatur.', '1995-10-21 10:47:29');
INSERT INTO `messages` (`id`, `from_user_id`, `to_user_id`, `body`, `created_at`) VALUES ('88', '88', '88', 'Quam possimus quis qui a velit. Sunt est consequatur voluptas dignissimos asperiores. Libero enim veniam delectus reiciendis corrupti. Repellat et consectetur commodi aspernatur aut nobis facilis.', '2013-01-14 19:38:48');
INSERT INTO `messages` (`id`, `from_user_id`, `to_user_id`, `body`, `created_at`) VALUES ('89', '89', '89', 'Labore dicta et ut corporis. In et facere animi velit voluptas facere sint reiciendis. Expedita adipisci id earum nesciunt sunt suscipit et.', '2002-10-13 12:08:27');
INSERT INTO `messages` (`id`, `from_user_id`, `to_user_id`, `body`, `created_at`) VALUES ('90', '90', '90', 'Sint eos eius et alias aut fugiat. Quaerat velit adipisci est minus consequatur. Quod recusandae molestiae quia excepturi assumenda.', '1998-12-10 09:49:24');
INSERT INTO `messages` (`id`, `from_user_id`, `to_user_id`, `body`, `created_at`) VALUES ('91', '91', '91', 'Et ut fuga accusantium sed perferendis asperiores quam. Itaque iusto aliquam sit eos inventore dolor. Nobis voluptas architecto esse quod et eaque ut. Qui unde ut voluptatibus sit dolorem repellat.', '2000-11-28 09:21:37');
INSERT INTO `messages` (`id`, `from_user_id`, `to_user_id`, `body`, `created_at`) VALUES ('92', '92', '92', 'Minima enim ea sed. Delectus reiciendis enim illum voluptatem omnis cupiditate. Aut quia est facere facilis placeat ex rerum. Itaque rem aut est sequi explicabo.', '1988-09-07 12:19:54');
INSERT INTO `messages` (`id`, `from_user_id`, `to_user_id`, `body`, `created_at`) VALUES ('93', '93', '93', 'Aperiam eum atque libero est atque quas. Sequi et excepturi sit aliquam. Sit adipisci ipsum corporis dolorum repellat dolor. Dolor eligendi praesentium ut aliquid amet quod cum. Quidem saepe optio corrupti rerum sunt quos saepe.', '1977-04-21 11:55:35');
INSERT INTO `messages` (`id`, `from_user_id`, `to_user_id`, `body`, `created_at`) VALUES ('94', '94', '94', 'Omnis magni autem itaque et enim porro. Voluptatem explicabo quis consequatur corporis odio similique expedita. Eveniet eos soluta sed et. Quidem qui corporis et rerum.', '1988-10-16 05:03:54');
INSERT INTO `messages` (`id`, `from_user_id`, `to_user_id`, `body`, `created_at`) VALUES ('95', '95', '95', 'Qui similique vel consequatur praesentium voluptate qui. Rem labore nisi inventore quisquam omnis culpa perferendis. Cupiditate aut voluptas ut autem sint odio nihil voluptatem.', '1971-10-25 21:10:24');
INSERT INTO `messages` (`id`, `from_user_id`, `to_user_id`, `body`, `created_at`) VALUES ('96', '96', '96', 'In consequatur odit debitis voluptatem. Tenetur sint dolorem nisi similique. Rerum porro recusandae tempora fuga quae et. Reprehenderit accusantium eius repudiandae.', '1975-11-14 18:49:41');
INSERT INTO `messages` (`id`, `from_user_id`, `to_user_id`, `body`, `created_at`) VALUES ('97', '97', '97', 'Facilis sit asperiores quaerat sequi corrupti nesciunt. Consequatur sit aut ut et. Iusto reiciendis esse dolor aliquid nostrum sapiente dolores. Itaque sit rem sit accusantium qui molestiae.', '1986-10-05 09:24:37');
INSERT INTO `messages` (`id`, `from_user_id`, `to_user_id`, `body`, `created_at`) VALUES ('98', '98', '98', 'Voluptatem non ipsum officiis provident quidem ratione ullam. Corporis corrupti exercitationem adipisci sed amet non sed. Repudiandae voluptas modi ea libero maiores ipsa fugit est.', '1979-08-22 15:19:33');
INSERT INTO `messages` (`id`, `from_user_id`, `to_user_id`, `body`, `created_at`) VALUES ('99', '99', '99', 'Facere necessitatibus minima omnis non enim minima consequuntur. Numquam enim non aliquam et. Ipsa corporis rerum ut est doloribus ullam. Sunt optio repellat eum id minima repellat qui magnam.', '2006-08-05 12:04:44');
INSERT INTO `messages` (`id`, `from_user_id`, `to_user_id`, `body`, `created_at`) VALUES ('100', '100', '100', 'Asperiores vero quos mollitia possimus aut. Similique qui nemo debitis modi dolorem at. Repellat sed quasi officia.', '1985-06-12 02:06:45');

INSERT INTO `media_types` (`id`, `name`, `created_at`, `updated_at`) VALUES ('1', 'sed', '1983-03-12 00:40:32', '2001-03-16 03:23:21');
INSERT INTO `media_types` (`id`, `name`, `created_at`, `updated_at`) VALUES ('2', 'ut', '1987-09-06 22:25:27', '2017-03-26 04:30:28');
INSERT INTO `media_types` (`id`, `name`, `created_at`, `updated_at`) VALUES ('3', 'qui', '2002-11-10 21:03:17', '1978-01-03 10:25:33');
INSERT INTO `media_types` (`id`, `name`, `created_at`, `updated_at`) VALUES ('4', 'deserunt', '1993-06-28 03:22:47', '1999-06-28 14:41:48');
INSERT INTO `media_types` (`id`, `name`, `created_at`, `updated_at`) VALUES ('5', 'nihil', '1991-06-26 03:01:52', '1996-08-04 03:04:04');
INSERT INTO `media_types` (`id`, `name`, `created_at`, `updated_at`) VALUES ('6', 'nemo', '1975-01-22 20:27:00', '1972-07-16 11:25:34');
INSERT INTO `media_types` (`id`, `name`, `created_at`, `updated_at`) VALUES ('7', 'expedita', '2019-05-06 09:41:05', '1984-09-15 00:48:34');
INSERT INTO `media_types` (`id`, `name`, `created_at`, `updated_at`) VALUES ('8', 'est', '1973-11-12 05:02:20', '2013-11-17 12:33:00');
INSERT INTO `media_types` (`id`, `name`, `created_at`, `updated_at`) VALUES ('9', 'eos', '1983-12-07 00:05:12', '2013-05-09 13:31:41');
INSERT INTO `media_types` (`id`, `name`, `created_at`, `updated_at`) VALUES ('10', 'saepe', '1980-03-04 10:54:58', '1991-10-18 15:16:07');

INSERT INTO `media` (`id`, `media_type_id`, `user_id`, `body`, `filename`, `size`, `metadata`, `created_at`, `updated_at`) VALUES ('1', '1', '1', 'Molestiae rerum quod voluptas in non enim. Illo mollitia ut sint ab. Amet doloribus sed qui maiores temporibus.', 'rem', 0, NULL, '1978-09-10 17:02:33', '1991-07-21 04:34:12');
INSERT INTO `media` (`id`, `media_type_id`, `user_id`, `body`, `filename`, `size`, `metadata`, `created_at`, `updated_at`) VALUES ('2', '2', '2', 'Dolorum itaque omnis debitis. Quas reprehenderit porro blanditiis soluta deleniti tempore. Aliquam amet consectetur animi optio dolore sint eum illo.', 'et', 7901, NULL, '2015-01-18 12:48:12', '2011-12-08 16:23:17');
INSERT INTO `media` (`id`, `media_type_id`, `user_id`, `body`, `filename`, `size`, `metadata`, `created_at`, `updated_at`) VALUES ('3', '3', '3', 'Qui alias eum voluptatem ut accusamus ullam. Ullam sit quia sed praesentium ex. Sit laudantium impedit totam illo. Aliquid sapiente ipsum vel neque. Ea id vel rerum ad dignissimos.', 'illum', 942, NULL, '1985-11-12 21:11:55', '2005-12-07 16:05:39');
INSERT INTO `media` (`id`, `media_type_id`, `user_id`, `body`, `filename`, `size`, `metadata`, `created_at`, `updated_at`) VALUES ('4', '4', '4', 'Voluptatem hic dicta quae. Velit quam dolor dolore modi. Assumenda voluptas sint architecto.', 'iure', 438714946, NULL, '1982-07-10 22:38:30', '2016-05-10 11:34:37');
INSERT INTO `media` (`id`, `media_type_id`, `user_id`, `body`, `filename`, `size`, `metadata`, `created_at`, `updated_at`) VALUES ('5', '5', '5', 'Recusandae et fugit similique animi consequuntur laboriosam reiciendis tempora. Molestiae velit atque quia rem consequuntur laborum.', 'quo', 450, NULL, '2014-01-29 11:35:14', '1998-04-28 01:48:44');
INSERT INTO `media` (`id`, `media_type_id`, `user_id`, `body`, `filename`, `size`, `metadata`, `created_at`, `updated_at`) VALUES ('6', '6', '6', 'Autem deserunt quis consectetur sed id culpa praesentium praesentium. Et voluptatem unde qui quam. Qui voluptatibus ex accusamus assumenda est beatae perferendis.', 'velit', 18903971, NULL, '2008-11-15 09:31:45', '1998-11-13 00:56:30');
INSERT INTO `media` (`id`, `media_type_id`, `user_id`, `body`, `filename`, `size`, `metadata`, `created_at`, `updated_at`) VALUES ('7', '7', '7', 'Et est dolore esse perspiciatis dolore cupiditate non. Quam dolorem velit quaerat doloremque. Earum dolor saepe sunt fuga omnis perspiciatis ad.', 'iure', 281052, NULL, '1996-11-30 11:24:27', '2000-08-26 14:12:30');
INSERT INTO `media` (`id`, `media_type_id`, `user_id`, `body`, `filename`, `size`, `metadata`, `created_at`, `updated_at`) VALUES ('8', '8', '8', 'Dolorum sunt omnis aperiam. Expedita labore officiis eos odit quia. Nisi itaque quo reprehenderit consectetur ea. Eos et quia ullam dolore.', 'omnis', 1, NULL, '1989-07-06 16:14:18', '2006-10-25 21:45:31');
INSERT INTO `media` (`id`, `media_type_id`, `user_id`, `body`, `filename`, `size`, `metadata`, `created_at`, `updated_at`) VALUES ('9', '9', '9', 'Sunt tempore exercitationem qui dolores incidunt et. Aut debitis rerum id repudiandae harum minus. Blanditiis voluptatibus dolores et et quis fugiat quaerat.', 'dolores', 300513334, NULL, '1998-08-19 06:56:28', '1983-04-15 10:22:55');
INSERT INTO `media` (`id`, `media_type_id`, `user_id`, `body`, `filename`, `size`, `metadata`, `created_at`, `updated_at`) VALUES ('10', '10', '10', 'Occaecati aperiam aut quas et debitis corporis beatae. Aut doloremque sit eum itaque. Dolore ut corporis nisi. Reprehenderit at ipsa dolorum et.', 'corrupti', 91408, NULL, '2016-08-22 14:14:36', '1981-07-11 04:05:50');
INSERT INTO `media` (`id`, `media_type_id`, `user_id`, `body`, `filename`, `size`, `metadata`, `created_at`, `updated_at`) VALUES ('11', '1', '11', 'Ad assumenda nemo ea perspiciatis. Consequatur quo consequatur quis voluptas similique.', 'vitae', 50240, NULL, '2009-09-15 00:06:08', '1987-11-15 15:31:08');
INSERT INTO `media` (`id`, `media_type_id`, `user_id`, `body`, `filename`, `size`, `metadata`, `created_at`, `updated_at`) VALUES ('12', '2', '12', 'Voluptas aspernatur sint neque et tempora velit in. Qui et dolores eos cupiditate. Harum dolorem fuga itaque.', 'maxime', 429947, NULL, '1996-06-13 11:09:23', '1971-03-07 18:46:03');
INSERT INTO `media` (`id`, `media_type_id`, `user_id`, `body`, `filename`, `size`, `metadata`, `created_at`, `updated_at`) VALUES ('13', '3', '13', 'Architecto sit aliquam ad ut. Tenetur dolor rerum et consectetur. Molestiae nesciunt non dolor qui.', 'accusantium', 4, NULL, '1995-09-14 06:17:56', '2006-12-13 07:18:16');
INSERT INTO `media` (`id`, `media_type_id`, `user_id`, `body`, `filename`, `size`, `metadata`, `created_at`, `updated_at`) VALUES ('14', '4', '14', 'Saepe quam consequatur provident doloribus. Veniam dolore repudiandae enim quia. Est deserunt consequatur rerum nulla cum. In labore quas quos vel consequuntur debitis laudantium aut.', 'ex', 9290202, NULL, '1977-11-30 15:45:20', '1998-12-05 09:20:29');
INSERT INTO `media` (`id`, `media_type_id`, `user_id`, `body`, `filename`, `size`, `metadata`, `created_at`, `updated_at`) VALUES ('15', '5', '15', 'Est autem iste repudiandae facilis ab voluptatem. Eveniet minus doloribus modi est quisquam alias aut. Aut non sunt suscipit ut aut. Quaerat impedit odio minus consequatur aliquid quas.', 'sed', 23535328, NULL, '1972-06-10 06:12:02', '1991-08-18 14:09:49');
INSERT INTO `media` (`id`, `media_type_id`, `user_id`, `body`, `filename`, `size`, `metadata`, `created_at`, `updated_at`) VALUES ('16', '6', '16', 'Dignissimos dolores voluptatem ducimus et id voluptatem alias. Nostrum consequatur recusandae est quis est non ut. Quisquam in sit eveniet numquam reiciendis repellendus. Illo sapiente fuga soluta qui nam impedit.', 'earum', 5230570, NULL, '1984-10-13 15:35:41', '1979-04-18 15:48:30');
INSERT INTO `media` (`id`, `media_type_id`, `user_id`, `body`, `filename`, `size`, `metadata`, `created_at`, `updated_at`) VALUES ('17', '7', '17', 'Exercitationem excepturi et rerum molestiae voluptatem officiis. Beatae ratione error illum aut. Velit voluptatum aut quas qui id.', 'perspiciatis', 17, NULL, '1989-12-23 09:56:36', '2012-08-07 22:18:14');
INSERT INTO `media` (`id`, `media_type_id`, `user_id`, `body`, `filename`, `size`, `metadata`, `created_at`, `updated_at`) VALUES ('18', '8', '18', 'Nihil et iste unde alias debitis. Et et ipsum porro cupiditate quia rem. Quia error vero aut voluptas perspiciatis et. Fuga quas veniam est alias consequuntur est.', 'magnam', 8855, NULL, '1979-08-25 17:52:25', '2013-10-09 08:51:26');
INSERT INTO `media` (`id`, `media_type_id`, `user_id`, `body`, `filename`, `size`, `metadata`, `created_at`, `updated_at`) VALUES ('19', '9', '19', 'Facere ea quo sed ut ut. Animi consequatur ab dolorum itaque harum doloremque nam. Et et tempore est voluptate sint.', 'maiores', 64714253, NULL, '2009-11-13 23:42:41', '2007-12-30 21:31:04');
INSERT INTO `media` (`id`, `media_type_id`, `user_id`, `body`, `filename`, `size`, `metadata`, `created_at`, `updated_at`) VALUES ('20', '10', '20', 'Est repellat consequatur placeat dolor eos dolor voluptas. Cumque id impedit voluptatibus natus expedita cupiditate quos.', 'laudantium', 8, NULL, '2000-06-04 08:31:29', '2017-01-18 10:13:04');
INSERT INTO `media` (`id`, `media_type_id`, `user_id`, `body`, `filename`, `size`, `metadata`, `created_at`, `updated_at`) VALUES ('21', '1', '21', 'Ut vitae ut ut pariatur vero fuga. Qui molestias fuga voluptates placeat reiciendis beatae. Veritatis illo sequi perspiciatis recusandae repellendus quae. Error molestiae saepe non quam ut animi magni.', 'nemo', 22, NULL, '2005-10-07 16:33:09', '1993-03-25 18:46:37');
INSERT INTO `media` (`id`, `media_type_id`, `user_id`, `body`, `filename`, `size`, `metadata`, `created_at`, `updated_at`) VALUES ('22', '2', '22', 'Omnis sit praesentium repudiandae iste quia. Est quisquam laborum aut eos eligendi ex. Odit corrupti omnis quibusdam molestiae saepe dolor quis rerum. Suscipit tenetur et molestiae laborum.', 'est', 43708, NULL, '2018-06-05 17:30:19', '1990-06-24 16:07:25');
INSERT INTO `media` (`id`, `media_type_id`, `user_id`, `body`, `filename`, `size`, `metadata`, `created_at`, `updated_at`) VALUES ('23', '3', '23', 'Impedit quia alias dolore quis qui accusamus. Tenetur sunt neque totam. In aut omnis at occaecati at. Reiciendis nemo aut repudiandae nihil tempora minima quae. Ut voluptatem ea libero repudiandae quod perspiciatis.', 'suscipit', 175865088, NULL, '2011-07-31 21:42:38', '2001-04-23 17:44:39');
INSERT INTO `media` (`id`, `media_type_id`, `user_id`, `body`, `filename`, `size`, `metadata`, `created_at`, `updated_at`) VALUES ('24', '4', '24', 'Soluta sit repellat quibusdam aspernatur hic facere. Dicta vel vero recusandae earum nostrum enim. Eius commodi dolore aut rerum nemo assumenda saepe. Enim molestias necessitatibus recusandae suscipit recusandae est atque.', 'ad', 277107987, NULL, '1995-01-17 09:42:36', '1979-01-01 04:31:37');
INSERT INTO `media` (`id`, `media_type_id`, `user_id`, `body`, `filename`, `size`, `metadata`, `created_at`, `updated_at`) VALUES ('25', '5', '25', 'Eos iste cum pariatur alias qui dolor cum nisi. Distinctio reprehenderit eius aut id perspiciatis fugiat commodi. Quisquam aperiam voluptatibus tempora laboriosam praesentium delectus voluptate.', 'quisquam', 96727397, NULL, '1980-05-17 00:34:45', '1998-09-06 00:56:49');
INSERT INTO `media` (`id`, `media_type_id`, `user_id`, `body`, `filename`, `size`, `metadata`, `created_at`, `updated_at`) VALUES ('26', '6', '26', 'Quae et maxime veniam tempore earum distinctio. Aut animi qui non consequatur laboriosam. Temporibus et sed qui rerum suscipit veritatis animi. Et repudiandae nesciunt voluptatem quos.', 'qui', 54750, NULL, '2012-11-05 10:24:17', '1992-06-03 18:45:44');
INSERT INTO `media` (`id`, `media_type_id`, `user_id`, `body`, `filename`, `size`, `metadata`, `created_at`, `updated_at`) VALUES ('27', '7', '27', 'Placeat recusandae sit laborum rem corporis et perspiciatis nulla. Totam rem officiis quasi voluptatem sed. Ducimus voluptates velit doloribus minus ut quae. Recusandae et dolor sint voluptatem sed ullam. Et aut quis ullam qui.', 'laborum', 1618, NULL, '1991-01-14 03:26:11', '1974-09-28 06:44:30');
INSERT INTO `media` (`id`, `media_type_id`, `user_id`, `body`, `filename`, `size`, `metadata`, `created_at`, `updated_at`) VALUES ('28', '8', '28', 'Consequatur quae eaque quos enim ipsum ipsam sed. Sapiente saepe tempore illo et quia perferendis. Doloremque aspernatur saepe quidem alias et quam impedit.', 'esse', 9365782, NULL, '1980-03-12 16:27:34', '2006-02-09 19:04:39');
INSERT INTO `media` (`id`, `media_type_id`, `user_id`, `body`, `filename`, `size`, `metadata`, `created_at`, `updated_at`) VALUES ('29', '9', '29', 'Sint ipsum voluptatum voluptas impedit vel aspernatur. Et reprehenderit ipsum non et asperiores. Provident ad delectus quia fuga omnis. Cum animi dolorum eos vel.', 'necessitatibus', 0, NULL, '1977-10-02 18:16:58', '2004-07-01 22:46:58');
INSERT INTO `media` (`id`, `media_type_id`, `user_id`, `body`, `filename`, `size`, `metadata`, `created_at`, `updated_at`) VALUES ('30', '10', '30', 'Error voluptate nulla modi deleniti excepturi. Cumque dolor sint vitae accusamus voluptas at aliquid. Nihil consequatur ut molestiae sed quo cum. Labore amet sint nobis similique maiores quasi.', 'autem', 1, NULL, '1978-07-01 21:43:25', '2000-11-16 17:21:19');
INSERT INTO `media` (`id`, `media_type_id`, `user_id`, `body`, `filename`, `size`, `metadata`, `created_at`, `updated_at`) VALUES ('31', '1', '31', 'Omnis et itaque repellat accusamus culpa beatae. Magni quis sint ipsa adipisci voluptatem. Iusto in et animi commodi et repellendus animi.', 'exercitationem', 0, NULL, '1996-06-20 20:39:06', '1991-07-07 20:12:30');
INSERT INTO `media` (`id`, `media_type_id`, `user_id`, `body`, `filename`, `size`, `metadata`, `created_at`, `updated_at`) VALUES ('32', '2', '32', 'Fuga consectetur vitae maxime voluptate qui molestias dolores dolor. At eligendi harum sunt. Voluptatibus maiores architecto sit cupiditate beatae deserunt laudantium. Dicta unde sit sit accusantium.', 'cupiditate', 0, NULL, '1973-10-03 01:09:39', '2001-10-26 09:19:47');
INSERT INTO `media` (`id`, `media_type_id`, `user_id`, `body`, `filename`, `size`, `metadata`, `created_at`, `updated_at`) VALUES ('33', '3', '33', 'Exercitationem nesciunt at veritatis molestias est adipisci. Facere ratione exercitationem et et quia. Perspiciatis non doloribus sed perferendis neque.', 'et', 790, NULL, '1978-05-09 10:12:50', '1998-09-30 19:44:33');
INSERT INTO `media` (`id`, `media_type_id`, `user_id`, `body`, `filename`, `size`, `metadata`, `created_at`, `updated_at`) VALUES ('34', '4', '34', 'Assumenda dolorem sunt sed veniam blanditiis dicta nobis. Voluptatum nemo fuga quas voluptatem nihil hic repudiandae commodi. Dolor ut et dolores ut.', 'labore', 2264, NULL, '2015-03-13 22:34:00', '2002-03-01 18:50:27');
INSERT INTO `media` (`id`, `media_type_id`, `user_id`, `body`, `filename`, `size`, `metadata`, `created_at`, `updated_at`) VALUES ('35', '5', '35', 'Ut nihil porro veniam aut deleniti ut aut quasi. Voluptas pariatur asperiores nobis quia vitae praesentium sequi. Ducimus facere unde expedita ipsam.', 'molestiae', 63584909, NULL, '1978-02-25 15:14:17', '2002-12-01 07:51:28');
INSERT INTO `media` (`id`, `media_type_id`, `user_id`, `body`, `filename`, `size`, `metadata`, `created_at`, `updated_at`) VALUES ('36', '6', '36', 'Numquam corporis veritatis optio. Doloremque enim sit quia delectus atque.', 'mollitia', 52356537, NULL, '1983-05-30 22:52:14', '1994-08-29 07:04:14');
INSERT INTO `media` (`id`, `media_type_id`, `user_id`, `body`, `filename`, `size`, `metadata`, `created_at`, `updated_at`) VALUES ('37', '7', '37', 'Possimus sit quibusdam commodi excepturi voluptas qui labore ut. Praesentium voluptatem optio sed incidunt minima autem perferendis. Soluta animi quidem similique facilis sed nisi asperiores. Laborum fugiat autem quam deleniti in.', 'laboriosam', 0, NULL, '1992-02-21 15:21:25', '1995-12-31 18:49:43');
INSERT INTO `media` (`id`, `media_type_id`, `user_id`, `body`, `filename`, `size`, `metadata`, `created_at`, `updated_at`) VALUES ('38', '8', '38', 'Cupiditate quam ipsam reiciendis quis soluta ut enim. Et dolore autem vitae. Accusantium quos ad expedita veritatis consectetur.', 'aut', 427168034, NULL, '2007-12-13 21:40:12', '2015-07-09 00:04:01');
INSERT INTO `media` (`id`, `media_type_id`, `user_id`, `body`, `filename`, `size`, `metadata`, `created_at`, `updated_at`) VALUES ('39', '9', '39', 'Consectetur deserunt laboriosam perspiciatis. Ut nihil eum consectetur at.', 'dolore', 28727548, NULL, '2007-03-03 16:51:41', '1992-03-06 00:35:19');
INSERT INTO `media` (`id`, `media_type_id`, `user_id`, `body`, `filename`, `size`, `metadata`, `created_at`, `updated_at`) VALUES ('40', '10', '40', 'Expedita et et ut et laudantium. Quaerat aliquam facilis consequatur blanditiis vel minima est. Corporis consequatur aspernatur reprehenderit totam eveniet nam. Hic enim aperiam aliquid voluptas aliquam beatae.', 'rerum', 9, NULL, '1977-02-07 00:52:57', '1980-07-08 19:38:37');
INSERT INTO `media` (`id`, `media_type_id`, `user_id`, `body`, `filename`, `size`, `metadata`, `created_at`, `updated_at`) VALUES ('41', '1', '41', 'Officia eos ad minima consequatur illum non rem. Et dolore quis nihil ea unde amet iusto. Doloremque incidunt ullam asperiores deserunt architecto fugit autem. Et exercitationem velit omnis quis quaerat quisquam.', 'rerum', 670, NULL, '2012-09-06 08:21:46', '2013-03-07 19:49:18');
INSERT INTO `media` (`id`, `media_type_id`, `user_id`, `body`, `filename`, `size`, `metadata`, `created_at`, `updated_at`) VALUES ('42', '2', '42', 'Quae deserunt eveniet aut tempore ut delectus accusantium. Optio magni et veniam cum.', 'odit', 84987, NULL, '2014-04-02 14:34:21', '1976-04-18 10:35:22');
INSERT INTO `media` (`id`, `media_type_id`, `user_id`, `body`, `filename`, `size`, `metadata`, `created_at`, `updated_at`) VALUES ('43', '3', '43', 'Voluptas ut repellat in repudiandae dolor ut ipsa nemo. Iusto ratione eius ad sit. Sed vero quo eaque officia dicta quae doloribus distinctio. Consequatur dolores quasi tempore aliquam.', 'ab', 903920587, NULL, '2017-02-11 00:59:40', '1974-08-24 21:46:41');
INSERT INTO `media` (`id`, `media_type_id`, `user_id`, `body`, `filename`, `size`, `metadata`, `created_at`, `updated_at`) VALUES ('44', '4', '44', 'Corrupti cupiditate commodi sint blanditiis ut explicabo. Quae sint omnis eveniet voluptas qui nesciunt. Consequatur nihil quam commodi maiores doloribus beatae officiis.', 'sed', 1, NULL, '2018-12-02 03:08:53', '1986-12-01 15:57:00');
INSERT INTO `media` (`id`, `media_type_id`, `user_id`, `body`, `filename`, `size`, `metadata`, `created_at`, `updated_at`) VALUES ('45', '5', '45', 'Exercitationem dolores id facere sequi quo laudantium consequatur. Optio qui suscipit molestiae fuga qui. Perferendis fugiat ea ea expedita accusamus aut quod totam.', 'alias', 937699, NULL, '2019-01-17 10:49:04', '1987-06-05 20:28:52');
INSERT INTO `media` (`id`, `media_type_id`, `user_id`, `body`, `filename`, `size`, `metadata`, `created_at`, `updated_at`) VALUES ('46', '6', '46', 'Consectetur provident debitis pariatur unde. Eaque repudiandae dolores excepturi cupiditate iure quo. Aut quibusdam ut nulla nostrum velit quis.', 'sit', 0, NULL, '1989-11-03 06:54:33', '1998-01-03 06:52:18');
INSERT INTO `media` (`id`, `media_type_id`, `user_id`, `body`, `filename`, `size`, `metadata`, `created_at`, `updated_at`) VALUES ('47', '7', '47', 'Cupiditate et et eaque aliquam quidem. Aut dolorem accusantium ipsam fugit et ut omnis. Vero dolorum quisquam officiis sed quia corrupti perferendis quia.', 'consequuntur', 62749, NULL, '1981-02-17 05:57:28', '1978-06-10 23:56:44');
INSERT INTO `media` (`id`, `media_type_id`, `user_id`, `body`, `filename`, `size`, `metadata`, `created_at`, `updated_at`) VALUES ('48', '8', '48', 'Dolorum et culpa sint enim non sed a. Qui facere at quidem molestiae nihil consequatur. Ut quia eligendi sunt id et aperiam.', 'consequatur', 280709, NULL, '1980-05-23 10:14:50', '1976-12-12 07:08:45');
INSERT INTO `media` (`id`, `media_type_id`, `user_id`, `body`, `filename`, `size`, `metadata`, `created_at`, `updated_at`) VALUES ('49', '9', '49', 'Maxime esse voluptatem quas ut nihil sit doloribus. Amet voluptatibus libero in suscipit neque vitae. Sit necessitatibus quis omnis. Voluptatem repellendus voluptas unde dignissimos est quia.', 'sed', 90854599, NULL, '1993-01-17 15:45:31', '2000-11-05 05:40:49');
INSERT INTO `media` (`id`, `media_type_id`, `user_id`, `body`, `filename`, `size`, `metadata`, `created_at`, `updated_at`) VALUES ('50', '10', '50', 'Molestias doloremque impedit non. Eos ex magni quia aut. Sed sit harum omnis sunt quas temporibus aut. Ea cum saepe et aut saepe.', 'enim', 668897939, NULL, '2012-12-18 17:45:03', '1996-07-12 15:42:17');
INSERT INTO `media` (`id`, `media_type_id`, `user_id`, `body`, `filename`, `size`, `metadata`, `created_at`, `updated_at`) VALUES ('51', '1', '51', 'Molestiae voluptate amet qui excepturi natus sint non. Unde optio quos rerum nihil molestias recusandae. Aut et libero officiis enim qui.', 'molestias', 984058184, NULL, '1975-01-25 10:32:02', '2014-10-12 12:47:33');
INSERT INTO `media` (`id`, `media_type_id`, `user_id`, `body`, `filename`, `size`, `metadata`, `created_at`, `updated_at`) VALUES ('52', '2', '52', 'Porro eius dolores rerum accusantium amet totam. Qui voluptatem saepe in voluptatibus sit accusantium corporis. Debitis enim tempore autem ad aut fugiat.', 'eveniet', 940788241, NULL, '1988-02-11 06:00:47', '2018-04-18 00:14:47');
INSERT INTO `media` (`id`, `media_type_id`, `user_id`, `body`, `filename`, `size`, `metadata`, `created_at`, `updated_at`) VALUES ('53', '3', '53', 'Nisi ea voluptatem unde labore fuga enim laboriosam perspiciatis. Explicabo quia fugiat aut consequatur voluptate quae. Ratione quia et nostrum et consequuntur ullam quia. Rem quia non tempore vero quia.', 'velit', 987564, NULL, '2010-07-02 04:23:34', '1992-10-24 15:02:15');
INSERT INTO `media` (`id`, `media_type_id`, `user_id`, `body`, `filename`, `size`, `metadata`, `created_at`, `updated_at`) VALUES ('54', '4', '54', 'Vitae iste accusamus asperiores quia. Et atque repellendus sint consequatur numquam consequatur quas. Accusantium excepturi aspernatur nemo perferendis. Voluptas omnis aperiam ea est in.', 'laborum', 10007, NULL, '1982-12-08 22:58:33', '2009-09-03 20:10:09');
INSERT INTO `media` (`id`, `media_type_id`, `user_id`, `body`, `filename`, `size`, `metadata`, `created_at`, `updated_at`) VALUES ('55', '5', '55', 'Dolor eos saepe delectus eius harum quo autem sunt. Sunt odio magnam magnam magnam maiores esse placeat. Libero quis est consectetur perferendis nihil rerum harum. Hic at aliquam dicta distinctio similique.', 'quasi', 27178153, NULL, '1977-02-23 17:15:58', '1994-01-24 01:31:12');
INSERT INTO `media` (`id`, `media_type_id`, `user_id`, `body`, `filename`, `size`, `metadata`, `created_at`, `updated_at`) VALUES ('56', '6', '56', 'Est alias ea dolorem. Fuga tempore voluptas debitis perferendis perspiciatis quia aut dignissimos. Possimus aperiam doloribus repudiandae dolores repellat quas. Eos delectus necessitatibus nisi ex et ut non.', 'numquam', 77, NULL, '1972-05-12 14:14:07', '1995-06-29 09:12:16');
INSERT INTO `media` (`id`, `media_type_id`, `user_id`, `body`, `filename`, `size`, `metadata`, `created_at`, `updated_at`) VALUES ('57', '7', '57', 'Inventore maxime ut molestias eum. Quo facere mollitia fuga nulla odit officia. Fuga molestias quasi sunt aut.', 'et', 58542, NULL, '2019-06-26 00:35:43', '2006-10-12 18:07:51');
INSERT INTO `media` (`id`, `media_type_id`, `user_id`, `body`, `filename`, `size`, `metadata`, `created_at`, `updated_at`) VALUES ('58', '8', '58', 'Quam quibusdam asperiores deleniti aspernatur accusantium. Voluptates enim reiciendis autem delectus facere impedit modi. Accusamus aspernatur sint expedita. Voluptatem eum aperiam cumque enim.', 'nostrum', 0, NULL, '1995-03-08 19:34:29', '2001-07-12 22:28:05');
INSERT INTO `media` (`id`, `media_type_id`, `user_id`, `body`, `filename`, `size`, `metadata`, `created_at`, `updated_at`) VALUES ('59', '9', '59', 'In necessitatibus laboriosam doloribus aut commodi expedita et. Voluptas molestias aut laboriosam dolorem quod quod. Voluptatibus est voluptas aut provident accusamus nostrum. Ut explicabo deleniti qui tempora. Eum est corrupti voluptatem dolorem est est facere.', 'mollitia', 581584, NULL, '1979-11-15 06:05:17', '1973-03-21 13:05:09');
INSERT INTO `media` (`id`, `media_type_id`, `user_id`, `body`, `filename`, `size`, `metadata`, `created_at`, `updated_at`) VALUES ('60', '10', '60', 'Sed voluptatibus rerum aut sint nobis autem voluptates. Eveniet ut ea et ullam aspernatur. Est quae quis aspernatur nam occaecati ut consectetur. Neque saepe et quo omnis omnis nisi perferendis. Sunt iusto culpa blanditiis illum et.', 'blanditiis', 752060, NULL, '2013-09-16 12:38:36', '2013-07-19 03:19:37');
INSERT INTO `media` (`id`, `media_type_id`, `user_id`, `body`, `filename`, `size`, `metadata`, `created_at`, `updated_at`) VALUES ('61', '1', '61', 'Enim molestias vero tenetur repellat enim. Consequatur repudiandae quaerat deleniti debitis nam architecto. Eum necessitatibus odit sed harum velit et quia quasi. Quaerat fuga enim beatae porro facilis nihil ipsam explicabo. Atque a rem eum molestias ratione.', 'ipsum', 5579563, NULL, '2012-07-26 09:14:35', '1986-08-19 22:19:59');
INSERT INTO `media` (`id`, `media_type_id`, `user_id`, `body`, `filename`, `size`, `metadata`, `created_at`, `updated_at`) VALUES ('62', '2', '62', 'Dolorem et nam beatae quibusdam. Nisi qui et ut ea excepturi quos eos dicta. Veniam animi voluptatum libero repellendus est saepe dolorem vero.', 'est', 276064, NULL, '2013-02-09 13:32:33', '2013-11-22 09:25:58');
INSERT INTO `media` (`id`, `media_type_id`, `user_id`, `body`, `filename`, `size`, `metadata`, `created_at`, `updated_at`) VALUES ('63', '3', '63', 'Ut a esse qui velit deleniti voluptates. Quasi sunt accusamus quasi velit enim. Repellat eum quis vel veniam ipsam amet assumenda. Quis dolor voluptatem soluta consectetur ducimus iure.', 'aut', 391394, NULL, '2005-10-30 18:11:34', '2007-11-08 07:02:04');
INSERT INTO `media` (`id`, `media_type_id`, `user_id`, `body`, `filename`, `size`, `metadata`, `created_at`, `updated_at`) VALUES ('64', '4', '64', 'Iure a sequi esse natus sequi dicta. Debitis et at dignissimos id nostrum est. Tempora perferendis ratione qui quis nihil. Aut deserunt sit quis qui vel et ut nisi.', 'quidem', 26369225, NULL, '2005-04-08 12:26:52', '1999-05-26 01:53:14');
INSERT INTO `media` (`id`, `media_type_id`, `user_id`, `body`, `filename`, `size`, `metadata`, `created_at`, `updated_at`) VALUES ('65', '5', '65', 'Rem dicta rerum labore aut impedit eum. Aperiam pariatur eum facere. Consectetur voluptate ut qui qui. Voluptatem rerum repellendus occaecati ipsum dolorem recusandae. Tenetur cum voluptas repellendus.', 'quod', 281946567, NULL, '2005-07-08 14:41:15', '1988-05-03 18:47:01');
INSERT INTO `media` (`id`, `media_type_id`, `user_id`, `body`, `filename`, `size`, `metadata`, `created_at`, `updated_at`) VALUES ('66', '6', '66', 'Rerum sint nam sit. Doloremque sed velit molestiae dolore quia magnam. Officiis voluptates nesciunt blanditiis officiis aut nemo et. Dignissimos ipsam porro odit enim aperiam.', 'hic', 3, NULL, '2003-11-26 20:08:05', '1998-04-06 18:15:05');
INSERT INTO `media` (`id`, `media_type_id`, `user_id`, `body`, `filename`, `size`, `metadata`, `created_at`, `updated_at`) VALUES ('67', '7', '67', 'Quia sed ea eius et. Unde dolorem porro aliquid quia ratione non sunt error. Incidunt temporibus eum sint debitis omnis quod. Nihil provident autem optio architecto.', 'eos', 495676861, NULL, '1985-01-29 14:14:34', '2001-03-27 20:22:40');
INSERT INTO `media` (`id`, `media_type_id`, `user_id`, `body`, `filename`, `size`, `metadata`, `created_at`, `updated_at`) VALUES ('68', '8', '68', 'Maxime officiis quam quia. Tempore et soluta et vel. Dolore ipsum omnis aut et est culpa. Natus veritatis in eligendi ipsa minus pariatur earum. Ab qui cumque nisi est ut.', 'similique', 561, NULL, '2012-02-02 16:37:14', '2014-04-05 14:00:54');
INSERT INTO `media` (`id`, `media_type_id`, `user_id`, `body`, `filename`, `size`, `metadata`, `created_at`, `updated_at`) VALUES ('69', '9', '69', 'Optio ea nihil omnis debitis. Eveniet et debitis unde quaerat minus enim assumenda quo. Ipsum tenetur enim ab deleniti aut quam commodi non.', 'qui', 719755, NULL, '1993-11-30 15:00:54', '1986-04-02 07:17:08');
INSERT INTO `media` (`id`, `media_type_id`, `user_id`, `body`, `filename`, `size`, `metadata`, `created_at`, `updated_at`) VALUES ('70', '10', '70', 'Soluta et expedita assumenda a commodi dolores praesentium fugit. Illo cumque magni qui et cumque. Ipsum autem ut qui nostrum.', 'mollitia', 3712, NULL, '1998-05-09 15:04:41', '2002-01-19 10:29:33');
INSERT INTO `media` (`id`, `media_type_id`, `user_id`, `body`, `filename`, `size`, `metadata`, `created_at`, `updated_at`) VALUES ('71', '1', '71', 'Dolore pariatur occaecati laborum consequuntur est. Deleniti corporis quam rerum omnis nobis reprehenderit excepturi. Et accusamus aut sint.', 'nemo', 183790972, NULL, '2010-01-09 12:32:35', '2019-01-10 23:54:24');
INSERT INTO `media` (`id`, `media_type_id`, `user_id`, `body`, `filename`, `size`, `metadata`, `created_at`, `updated_at`) VALUES ('72', '2', '72', 'Fugiat aspernatur quod enim eum. Et accusamus quam ut odio.', 'velit', 3002485, NULL, '1980-03-07 07:49:42', '1999-10-20 11:18:09');
INSERT INTO `media` (`id`, `media_type_id`, `user_id`, `body`, `filename`, `size`, `metadata`, `created_at`, `updated_at`) VALUES ('73', '3', '73', 'Sed et nostrum qui vitae ratione. Voluptatem qui ipsa ut in veniam ipsa. Sit est voluptatem non sunt adipisci. Iste qui sequi perspiciatis dolores.', 'et', 157340765, NULL, '1983-10-07 22:53:01', '1996-02-04 14:26:23');
INSERT INTO `media` (`id`, `media_type_id`, `user_id`, `body`, `filename`, `size`, `metadata`, `created_at`, `updated_at`) VALUES ('74', '4', '74', 'Ipsa eligendi quia animi qui reprehenderit minima. Iste labore quia libero adipisci velit sunt nam. Commodi natus atque consequatur voluptas. Facere beatae veritatis at laboriosam vero accusantium ea.', 'veritatis', 0, NULL, '2004-01-12 23:17:08', '2006-03-16 17:48:16');
INSERT INTO `media` (`id`, `media_type_id`, `user_id`, `body`, `filename`, `size`, `metadata`, `created_at`, `updated_at`) VALUES ('75', '5', '75', 'Corrupti unde a in voluptatem ratione unde nisi. Ea nemo consequatur magnam animi et ut nesciunt omnis. Sit molestiae in quis rerum quo. Debitis qui animi officiis nemo.', 'illum', 7, NULL, '1986-04-06 08:36:41', '2011-01-16 03:17:47');
INSERT INTO `media` (`id`, `media_type_id`, `user_id`, `body`, `filename`, `size`, `metadata`, `created_at`, `updated_at`) VALUES ('76', '6', '76', 'Quia commodi totam sunt unde facere consectetur autem sed. Pariatur voluptatem nobis laborum sed dolorem et incidunt. Aut aspernatur non quibusdam necessitatibus et distinctio quis.', 'omnis', 19966005, NULL, '2006-06-28 08:12:55', '1992-07-18 16:59:31');
INSERT INTO `media` (`id`, `media_type_id`, `user_id`, `body`, `filename`, `size`, `metadata`, `created_at`, `updated_at`) VALUES ('77', '7', '77', 'Perspiciatis commodi explicabo nobis esse et eligendi. Est ipsam consequatur odio nesciunt. Rerum reiciendis voluptatem minima et perspiciatis repellendus.', 'inventore', 869, NULL, '2007-11-02 02:11:51', '2003-12-26 06:03:45');
INSERT INTO `media` (`id`, `media_type_id`, `user_id`, `body`, `filename`, `size`, `metadata`, `created_at`, `updated_at`) VALUES ('78', '8', '78', 'Expedita et tempora praesentium. Officia nobis id ea.', 'libero', 9069, NULL, '1985-01-26 04:02:20', '1980-04-30 13:53:23');
INSERT INTO `media` (`id`, `media_type_id`, `user_id`, `body`, `filename`, `size`, `metadata`, `created_at`, `updated_at`) VALUES ('79', '9', '79', 'Voluptatem officia placeat et fugiat magnam. In laboriosam perferendis hic recusandae minima tempora. Culpa qui nemo aut dolor. Nemo eaque animi autem non.', 'iste', 64271, NULL, '1972-03-19 18:46:02', '2009-05-18 00:25:20');
INSERT INTO `media` (`id`, `media_type_id`, `user_id`, `body`, `filename`, `size`, `metadata`, `created_at`, `updated_at`) VALUES ('80', '10', '80', 'Ea aut ipsum impedit ratione. Nesciunt nam minus qui atque. Delectus laboriosam pariatur modi eos fuga voluptas laboriosam. Sint sunt molestiae necessitatibus.', 'sed', 3817915, NULL, '2019-04-19 10:08:50', '2019-08-19 03:52:09');
INSERT INTO `media` (`id`, `media_type_id`, `user_id`, `body`, `filename`, `size`, `metadata`, `created_at`, `updated_at`) VALUES ('81', '1', '81', 'Illum odio rerum voluptate consequatur temporibus. Et sit cum assumenda iure ad eos. Harum voluptatem et maiores doloribus sequi cum.', 'nihil', 9805403, NULL, '2018-09-06 14:05:22', '2017-06-20 07:38:13');
INSERT INTO `media` (`id`, `media_type_id`, `user_id`, `body`, `filename`, `size`, `metadata`, `created_at`, `updated_at`) VALUES ('82', '2', '82', 'Natus rerum quo cupiditate ipsa. Perferendis animi hic vel dicta aut. Sed recusandae dolore ut ut aspernatur. Dolores quia nihil eveniet natus.', 'ut', 2424004, NULL, '2017-08-24 02:05:26', '1976-06-21 02:59:22');
INSERT INTO `media` (`id`, `media_type_id`, `user_id`, `body`, `filename`, `size`, `metadata`, `created_at`, `updated_at`) VALUES ('83', '3', '83', 'Voluptas asperiores iure et consequatur et illum autem est. Molestiae sit fugiat voluptatem pariatur enim rerum. Omnis cumque sed doloribus rerum suscipit amet.', 'dolores', 556, NULL, '1983-12-31 01:21:55', '2012-11-17 00:31:28');
INSERT INTO `media` (`id`, `media_type_id`, `user_id`, `body`, `filename`, `size`, `metadata`, `created_at`, `updated_at`) VALUES ('84', '4', '84', 'Placeat odio consequatur id asperiores recusandae. Consequatur et illum voluptas omnis enim fuga occaecati. Omnis qui sed in sint dolores ea et. Alias minima sunt tempora fugiat.', 'modi', 25, NULL, '2001-11-04 20:59:12', '1978-03-09 00:17:51');
INSERT INTO `media` (`id`, `media_type_id`, `user_id`, `body`, `filename`, `size`, `metadata`, `created_at`, `updated_at`) VALUES ('85', '5', '85', 'Ea officiis magni perspiciatis vel voluptatem quaerat. Et odio eveniet natus. Totam voluptatibus occaecati consequuntur asperiores voluptatibus sunt ut.', 'molestiae', 78, NULL, '1986-12-09 21:19:20', '1972-04-13 12:39:29');
INSERT INTO `media` (`id`, `media_type_id`, `user_id`, `body`, `filename`, `size`, `metadata`, `created_at`, `updated_at`) VALUES ('86', '6', '86', 'Laboriosam assumenda nihil impedit quia temporibus. Nisi quam aut est omnis. Delectus recusandae omnis et suscipit quisquam deserunt. Laborum est beatae accusantium deserunt rem et fugit.', 'dolores', 698, NULL, '2018-12-11 05:58:10', '2014-12-11 11:06:02');
INSERT INTO `media` (`id`, `media_type_id`, `user_id`, `body`, `filename`, `size`, `metadata`, `created_at`, `updated_at`) VALUES ('87', '7', '87', 'Culpa tempore autem inventore ea sit quos. Commodi nihil qui culpa fugit et.', 'asperiores', 62516, NULL, '2000-08-29 11:58:20', '1971-01-12 12:25:31');
INSERT INTO `media` (`id`, `media_type_id`, `user_id`, `body`, `filename`, `size`, `metadata`, `created_at`, `updated_at`) VALUES ('88', '8', '88', 'Quam nihil dolorum alias est. Cupiditate cumque quis dolores corrupti. Sint cum tenetur quis earum quasi eaque vel. Error reiciendis molestiae voluptatem aperiam illo vero voluptatem. Est at officiis officiis maxime.', 'aperiam', 16027212, NULL, '2013-10-22 01:14:31', '1984-03-18 17:22:41');
INSERT INTO `media` (`id`, `media_type_id`, `user_id`, `body`, `filename`, `size`, `metadata`, `created_at`, `updated_at`) VALUES ('89', '9', '89', 'Sed explicabo esse qui quae. Quo doloremque dolorum ut minus qui. Nulla ipsam enim ab dolorem et repellendus quidem. Doloremque ut in corrupti.', 'rerum', 5, NULL, '2013-07-17 20:29:53', '1987-05-05 12:19:38');
INSERT INTO `media` (`id`, `media_type_id`, `user_id`, `body`, `filename`, `size`, `metadata`, `created_at`, `updated_at`) VALUES ('90', '10', '90', 'Eaque ea blanditiis consequatur ut ut consequatur. Nisi facilis expedita ab. Quos dolor consectetur possimus pariatur.', 'numquam', 631501337, NULL, '2017-06-29 09:11:31', '1977-07-31 19:10:46');
INSERT INTO `media` (`id`, `media_type_id`, `user_id`, `body`, `filename`, `size`, `metadata`, `created_at`, `updated_at`) VALUES ('91', '1', '91', 'Sapiente enim fugiat nostrum fugit qui nostrum voluptatem. Nesciunt optio dolores reprehenderit dolor sit autem perspiciatis. Molestiae exercitationem optio ipsa amet dolor. Cupiditate voluptatem quis natus corporis voluptas rerum doloremque pariatur.', 'repellat', 97, NULL, '1976-03-05 20:41:04', '1998-08-25 19:58:51');
INSERT INTO `media` (`id`, `media_type_id`, `user_id`, `body`, `filename`, `size`, `metadata`, `created_at`, `updated_at`) VALUES ('92', '2', '92', 'Dolor perferendis rerum quis dolorum quisquam quisquam occaecati. Consequuntur saepe occaecati sunt quam nihil. Possimus qui nihil et ullam sequi.', 'iure', 103, NULL, '1979-09-10 03:27:03', '1980-03-20 02:15:29');
INSERT INTO `media` (`id`, `media_type_id`, `user_id`, `body`, `filename`, `size`, `metadata`, `created_at`, `updated_at`) VALUES ('93', '3', '93', 'Explicabo saepe quo tempore nesciunt et. Animi culpa nulla hic explicabo iusto ad veniam. Neque ut aut sit ratione eius sed rerum. A sed perferendis autem est amet quisquam odit.', 'ut', 393320, NULL, '1996-11-26 04:24:04', '1976-09-20 09:24:01');
INSERT INTO `media` (`id`, `media_type_id`, `user_id`, `body`, `filename`, `size`, `metadata`, `created_at`, `updated_at`) VALUES ('94', '4', '94', 'Et culpa quos repudiandae quos ut. Et quia fugiat placeat voluptate. Ducimus voluptatibus deleniti est molestias nihil doloremque laudantium eligendi. Voluptatem ducimus asperiores ut accusamus.', 'hic', 941849007, NULL, '1993-11-08 09:25:45', '2019-07-14 04:49:36');
INSERT INTO `media` (`id`, `media_type_id`, `user_id`, `body`, `filename`, `size`, `metadata`, `created_at`, `updated_at`) VALUES ('95', '5', '95', 'Corrupti quidem molestiae corrupti voluptatem omnis qui ut ut. Velit aut et illum ipsam odio voluptatibus vel. Repellat minima recusandae iusto atque facere sed debitis voluptatem.', 'atque', 708, NULL, '1989-09-01 02:39:03', '1982-07-07 05:58:18');
INSERT INTO `media` (`id`, `media_type_id`, `user_id`, `body`, `filename`, `size`, `metadata`, `created_at`, `updated_at`) VALUES ('96', '6', '96', 'Nihil laborum ipsam alias nostrum accusantium maiores ut. Et minima qui quidem pariatur officiis. Aspernatur amet consequatur omnis libero est ut. Est alias nostrum facere neque.', 'autem', 3456376, NULL, '2014-09-12 13:39:25', '1997-10-10 21:32:53');
INSERT INTO `media` (`id`, `media_type_id`, `user_id`, `body`, `filename`, `size`, `metadata`, `created_at`, `updated_at`) VALUES ('97', '7', '97', 'Eum perspiciatis nihil sint quia. Beatae eius sit sequi id nihil ullam. Esse beatae vel fugit minima consequatur rerum dolor.', 'voluptas', 46622, NULL, '2000-12-11 08:38:21', '2008-10-25 17:30:54');
INSERT INTO `media` (`id`, `media_type_id`, `user_id`, `body`, `filename`, `size`, `metadata`, `created_at`, `updated_at`) VALUES ('98', '8', '98', 'Nulla magni dolores quod. Rem voluptate repellendus sunt.', 'aspernatur', 510, NULL, '2011-06-17 17:20:35', '1977-08-21 02:39:56');
INSERT INTO `media` (`id`, `media_type_id`, `user_id`, `body`, `filename`, `size`, `metadata`, `created_at`, `updated_at`) VALUES ('99', '9', '99', 'Id et deleniti quia vitae non autem. Possimus ut dolor voluptas. Accusantium quidem non consequuntur voluptatum sunt est. Omnis hic blanditiis quae laborum ipsam et sequi.', 'temporibus', 0, NULL, '1993-12-01 19:55:18', '2000-10-31 17:57:55');
INSERT INTO `media` (`id`, `media_type_id`, `user_id`, `body`, `filename`, `size`, `metadata`, `created_at`, `updated_at`) VALUES ('100', '10', '100', 'Expedita porro aliquam amet quo fuga doloremque est. Veniam molestiae quae sed facere voluptatem. Omnis enim omnis quisquam magni ea quo. Et quibusdam ullam illum voluptas id vero.', 'id', 1842401, NULL, '2017-09-29 12:53:59', '2004-04-21 12:15:48');

INSERT INTO `photo_albums` (`id`, `name`, `user_id`) VALUES ('1', 'earum', '1');
INSERT INTO `photo_albums` (`id`, `name`, `user_id`) VALUES ('2', 'quia', '2');
INSERT INTO `photo_albums` (`id`, `name`, `user_id`) VALUES ('3', 'quaerat', '3');
INSERT INTO `photo_albums` (`id`, `name`, `user_id`) VALUES ('4', 'cumque', '4');
INSERT INTO `photo_albums` (`id`, `name`, `user_id`) VALUES ('5', 'delectus', '5');
INSERT INTO `photo_albums` (`id`, `name`, `user_id`) VALUES ('6', 'facere', '6');
INSERT INTO `photo_albums` (`id`, `name`, `user_id`) VALUES ('7', 'repudiandae', '7');
INSERT INTO `photo_albums` (`id`, `name`, `user_id`) VALUES ('8', 'placeat', '8');
INSERT INTO `photo_albums` (`id`, `name`, `user_id`) VALUES ('9', 'eos', '9');
INSERT INTO `photo_albums` (`id`, `name`, `user_id`) VALUES ('10', 'ducimus', '10');
INSERT INTO `photo_albums` (`id`, `name`, `user_id`) VALUES ('11', 'dolorem', '11');
INSERT INTO `photo_albums` (`id`, `name`, `user_id`) VALUES ('12', 'eum', '12');
INSERT INTO `photo_albums` (`id`, `name`, `user_id`) VALUES ('13', 'illo', '13');
INSERT INTO `photo_albums` (`id`, `name`, `user_id`) VALUES ('14', 'et', '14');
INSERT INTO `photo_albums` (`id`, `name`, `user_id`) VALUES ('15', 'praesentium', '15');
INSERT INTO `photo_albums` (`id`, `name`, `user_id`) VALUES ('16', 'doloribus', '16');
INSERT INTO `photo_albums` (`id`, `name`, `user_id`) VALUES ('17', 'id', '17');
INSERT INTO `photo_albums` (`id`, `name`, `user_id`) VALUES ('18', 'sint', '18');
INSERT INTO `photo_albums` (`id`, `name`, `user_id`) VALUES ('19', 'molestiae', '19');
INSERT INTO `photo_albums` (`id`, `name`, `user_id`) VALUES ('20', 'recusandae', '20');
INSERT INTO `photo_albums` (`id`, `name`, `user_id`) VALUES ('21', 'nihil', '21');
INSERT INTO `photo_albums` (`id`, `name`, `user_id`) VALUES ('22', 'ea', '22');
INSERT INTO `photo_albums` (`id`, `name`, `user_id`) VALUES ('23', 'eaque', '23');
INSERT INTO `photo_albums` (`id`, `name`, `user_id`) VALUES ('24', 'qui', '24');
INSERT INTO `photo_albums` (`id`, `name`, `user_id`) VALUES ('25', 'ut', '25');
INSERT INTO `photo_albums` (`id`, `name`, `user_id`) VALUES ('26', 'culpa', '26');
INSERT INTO `photo_albums` (`id`, `name`, `user_id`) VALUES ('27', 'a', '27');
INSERT INTO `photo_albums` (`id`, `name`, `user_id`) VALUES ('28', 'tempore', '28');
INSERT INTO `photo_albums` (`id`, `name`, `user_id`) VALUES ('29', 'dolor', '29');
INSERT INTO `photo_albums` (`id`, `name`, `user_id`) VALUES ('30', 'sit', '30');
INSERT INTO `photo_albums` (`id`, `name`, `user_id`) VALUES ('31', 'architecto', '31');
INSERT INTO `photo_albums` (`id`, `name`, `user_id`) VALUES ('32', 'distinctio', '32');
INSERT INTO `photo_albums` (`id`, `name`, `user_id`) VALUES ('33', 'iure', '33');
INSERT INTO `photo_albums` (`id`, `name`, `user_id`) VALUES ('34', 'voluptatem', '34');
INSERT INTO `photo_albums` (`id`, `name`, `user_id`) VALUES ('35', 'laudantium', '35');
INSERT INTO `photo_albums` (`id`, `name`, `user_id`) VALUES ('36', 'veritatis', '36');
INSERT INTO `photo_albums` (`id`, `name`, `user_id`) VALUES ('37', 'magni', '37');
INSERT INTO `photo_albums` (`id`, `name`, `user_id`) VALUES ('38', 'magnam', '38');
INSERT INTO `photo_albums` (`id`, `name`, `user_id`) VALUES ('39', 'asperiores', '39');
INSERT INTO `photo_albums` (`id`, `name`, `user_id`) VALUES ('40', 'velit', '40');
INSERT INTO `photo_albums` (`id`, `name`, `user_id`) VALUES ('41', 'necessitatibus', '41');
INSERT INTO `photo_albums` (`id`, `name`, `user_id`) VALUES ('42', 'suscipit', '42');
INSERT INTO `photo_albums` (`id`, `name`, `user_id`) VALUES ('43', 'repellat', '43');
INSERT INTO `photo_albums` (`id`, `name`, `user_id`) VALUES ('44', 'dicta', '44');
INSERT INTO `photo_albums` (`id`, `name`, `user_id`) VALUES ('45', 'accusamus', '45');
INSERT INTO `photo_albums` (`id`, `name`, `user_id`) VALUES ('46', 'aliquam', '46');
INSERT INTO `photo_albums` (`id`, `name`, `user_id`) VALUES ('47', 'commodi', '47');
INSERT INTO `photo_albums` (`id`, `name`, `user_id`) VALUES ('48', 'eius', '48');
INSERT INTO `photo_albums` (`id`, `name`, `user_id`) VALUES ('49', 'ullam', '49');
INSERT INTO `photo_albums` (`id`, `name`, `user_id`) VALUES ('50', 'facilis', '50');
INSERT INTO `photo_albums` (`id`, `name`, `user_id`) VALUES ('51', 'beatae', '51');
INSERT INTO `photo_albums` (`id`, `name`, `user_id`) VALUES ('52', 'corrupti', '52');
INSERT INTO `photo_albums` (`id`, `name`, `user_id`) VALUES ('53', 'maxime', '53');
INSERT INTO `photo_albums` (`id`, `name`, `user_id`) VALUES ('54', 'sed', '54');
INSERT INTO `photo_albums` (`id`, `name`, `user_id`) VALUES ('55', 'est', '55');
INSERT INTO `photo_albums` (`id`, `name`, `user_id`) VALUES ('56', 'ipsa', '56');
INSERT INTO `photo_albums` (`id`, `name`, `user_id`) VALUES ('57', 'quos', '57');
INSERT INTO `photo_albums` (`id`, `name`, `user_id`) VALUES ('58', 'non', '58');
INSERT INTO `photo_albums` (`id`, `name`, `user_id`) VALUES ('59', 'numquam', '59');
INSERT INTO `photo_albums` (`id`, `name`, `user_id`) VALUES ('60', 'amet', '60');
INSERT INTO `photo_albums` (`id`, `name`, `user_id`) VALUES ('61', 'omnis', '61');
INSERT INTO `photo_albums` (`id`, `name`, `user_id`) VALUES ('62', 'enim', '62');
INSERT INTO `photo_albums` (`id`, `name`, `user_id`) VALUES ('63', 'officiis', '63');
INSERT INTO `photo_albums` (`id`, `name`, `user_id`) VALUES ('64', 'vitae', '64');
INSERT INTO `photo_albums` (`id`, `name`, `user_id`) VALUES ('65', 'rerum', '65');
INSERT INTO `photo_albums` (`id`, `name`, `user_id`) VALUES ('66', 'aut', '66');
INSERT INTO `photo_albums` (`id`, `name`, `user_id`) VALUES ('67', 'consequuntur', '67');
INSERT INTO `photo_albums` (`id`, `name`, `user_id`) VALUES ('68', 'ipsum', '68');
INSERT INTO `photo_albums` (`id`, `name`, `user_id`) VALUES ('69', 'dignissimos', '69');
INSERT INTO `photo_albums` (`id`, `name`, `user_id`) VALUES ('70', 'totam', '70');
INSERT INTO `photo_albums` (`id`, `name`, `user_id`) VALUES ('71', 'sapiente', '71');
INSERT INTO `photo_albums` (`id`, `name`, `user_id`) VALUES ('72', 'sunt', '72');
INSERT INTO `photo_albums` (`id`, `name`, `user_id`) VALUES ('73', 'itaque', '73');
INSERT INTO `photo_albums` (`id`, `name`, `user_id`) VALUES ('74', 'modi', '74');
INSERT INTO `photo_albums` (`id`, `name`, `user_id`) VALUES ('75', 'pariatur', '75');
INSERT INTO `photo_albums` (`id`, `name`, `user_id`) VALUES ('76', 'ratione', '76');
INSERT INTO `photo_albums` (`id`, `name`, `user_id`) VALUES ('77', 'alias', '77');
INSERT INTO `photo_albums` (`id`, `name`, `user_id`) VALUES ('78', 'quas', '78');
INSERT INTO `photo_albums` (`id`, `name`, `user_id`) VALUES ('79', 'libero', '79');
INSERT INTO `photo_albums` (`id`, `name`, `user_id`) VALUES ('80', 'occaecati', '80');
INSERT INTO `photo_albums` (`id`, `name`, `user_id`) VALUES ('81', 'ipsam', '81');
INSERT INTO `photo_albums` (`id`, `name`, `user_id`) VALUES ('82', 'vel', '82');
INSERT INTO `photo_albums` (`id`, `name`, `user_id`) VALUES ('83', 'officia', '83');
INSERT INTO `photo_albums` (`id`, `name`, `user_id`) VALUES ('84', 'possimus', '84');
INSERT INTO `photo_albums` (`id`, `name`, `user_id`) VALUES ('85', 'quis', '85');
INSERT INTO `photo_albums` (`id`, `name`, `user_id`) VALUES ('86', 'dolores', '86');
INSERT INTO `photo_albums` (`id`, `name`, `user_id`) VALUES ('87', 'repellendus', '87');
INSERT INTO `photo_albums` (`id`, `name`, `user_id`) VALUES ('88', 'natus', '88');
INSERT INTO `photo_albums` (`id`, `name`, `user_id`) VALUES ('89', 'voluptatum', '89');
INSERT INTO `photo_albums` (`id`, `name`, `user_id`) VALUES ('90', 'quo', '90');
INSERT INTO `photo_albums` (`id`, `name`, `user_id`) VALUES ('91', 'consequatur', '91');
INSERT INTO `photo_albums` (`id`, `name`, `user_id`) VALUES ('92', 'voluptate', '92');
INSERT INTO `photo_albums` (`id`, `name`, `user_id`) VALUES ('93', 'nam', '93');
INSERT INTO `photo_albums` (`id`, `name`, `user_id`) VALUES ('94', 'fugit', '94');
INSERT INTO `photo_albums` (`id`, `name`, `user_id`) VALUES ('95', 'porro', '95');
INSERT INTO `photo_albums` (`id`, `name`, `user_id`) VALUES ('96', 'voluptas', '96');
INSERT INTO `photo_albums` (`id`, `name`, `user_id`) VALUES ('97', 'error', '97');
INSERT INTO `photo_albums` (`id`, `name`, `user_id`) VALUES ('98', 'veniam', '98');
INSERT INTO `photo_albums` (`id`, `name`, `user_id`) VALUES ('99', 'quidem', '99');
INSERT INTO `photo_albums` (`id`, `name`, `user_id`) VALUES ('100', 'perspiciatis', '100');

INSERT INTO `photos` (`id`, `album_id`, `media_id`) VALUES ('1', '1', '1');
INSERT INTO `photos` (`id`, `album_id`, `media_id`) VALUES ('2', '2', '2');
INSERT INTO `photos` (`id`, `album_id`, `media_id`) VALUES ('3', '3', '3');
INSERT INTO `photos` (`id`, `album_id`, `media_id`) VALUES ('4', '4', '4');
INSERT INTO `photos` (`id`, `album_id`, `media_id`) VALUES ('5', '5', '5');
INSERT INTO `photos` (`id`, `album_id`, `media_id`) VALUES ('6', '6', '6');
INSERT INTO `photos` (`id`, `album_id`, `media_id`) VALUES ('7', '7', '7');
INSERT INTO `photos` (`id`, `album_id`, `media_id`) VALUES ('8', '8', '8');
INSERT INTO `photos` (`id`, `album_id`, `media_id`) VALUES ('9', '9', '9');
INSERT INTO `photos` (`id`, `album_id`, `media_id`) VALUES ('10', '10', '10');
INSERT INTO `photos` (`id`, `album_id`, `media_id`) VALUES ('11', '11', '11');
INSERT INTO `photos` (`id`, `album_id`, `media_id`) VALUES ('12', '12', '12');
INSERT INTO `photos` (`id`, `album_id`, `media_id`) VALUES ('13', '13', '13');
INSERT INTO `photos` (`id`, `album_id`, `media_id`) VALUES ('14', '14', '14');
INSERT INTO `photos` (`id`, `album_id`, `media_id`) VALUES ('15', '15', '15');
INSERT INTO `photos` (`id`, `album_id`, `media_id`) VALUES ('16', '16', '16');
INSERT INTO `photos` (`id`, `album_id`, `media_id`) VALUES ('17', '17', '17');
INSERT INTO `photos` (`id`, `album_id`, `media_id`) VALUES ('18', '18', '18');
INSERT INTO `photos` (`id`, `album_id`, `media_id`) VALUES ('19', '19', '19');
INSERT INTO `photos` (`id`, `album_id`, `media_id`) VALUES ('20', '20', '20');
INSERT INTO `photos` (`id`, `album_id`, `media_id`) VALUES ('21', '21', '21');
INSERT INTO `photos` (`id`, `album_id`, `media_id`) VALUES ('22', '22', '22');
INSERT INTO `photos` (`id`, `album_id`, `media_id`) VALUES ('23', '23', '23');
INSERT INTO `photos` (`id`, `album_id`, `media_id`) VALUES ('24', '24', '24');
INSERT INTO `photos` (`id`, `album_id`, `media_id`) VALUES ('25', '25', '25');
INSERT INTO `photos` (`id`, `album_id`, `media_id`) VALUES ('26', '26', '26');
INSERT INTO `photos` (`id`, `album_id`, `media_id`) VALUES ('27', '27', '27');
INSERT INTO `photos` (`id`, `album_id`, `media_id`) VALUES ('28', '28', '28');
INSERT INTO `photos` (`id`, `album_id`, `media_id`) VALUES ('29', '29', '29');
INSERT INTO `photos` (`id`, `album_id`, `media_id`) VALUES ('30', '30', '30');
INSERT INTO `photos` (`id`, `album_id`, `media_id`) VALUES ('31', '31', '31');
INSERT INTO `photos` (`id`, `album_id`, `media_id`) VALUES ('32', '32', '32');
INSERT INTO `photos` (`id`, `album_id`, `media_id`) VALUES ('33', '33', '33');
INSERT INTO `photos` (`id`, `album_id`, `media_id`) VALUES ('34', '34', '34');
INSERT INTO `photos` (`id`, `album_id`, `media_id`) VALUES ('35', '35', '35');
INSERT INTO `photos` (`id`, `album_id`, `media_id`) VALUES ('36', '36', '36');
INSERT INTO `photos` (`id`, `album_id`, `media_id`) VALUES ('37', '37', '37');
INSERT INTO `photos` (`id`, `album_id`, `media_id`) VALUES ('38', '38', '38');
INSERT INTO `photos` (`id`, `album_id`, `media_id`) VALUES ('39', '39', '39');
INSERT INTO `photos` (`id`, `album_id`, `media_id`) VALUES ('40', '40', '40');
INSERT INTO `photos` (`id`, `album_id`, `media_id`) VALUES ('41', '41', '41');
INSERT INTO `photos` (`id`, `album_id`, `media_id`) VALUES ('42', '42', '42');
INSERT INTO `photos` (`id`, `album_id`, `media_id`) VALUES ('43', '43', '43');
INSERT INTO `photos` (`id`, `album_id`, `media_id`) VALUES ('44', '44', '44');
INSERT INTO `photos` (`id`, `album_id`, `media_id`) VALUES ('45', '45', '45');
INSERT INTO `photos` (`id`, `album_id`, `media_id`) VALUES ('46', '46', '46');
INSERT INTO `photos` (`id`, `album_id`, `media_id`) VALUES ('47', '47', '47');
INSERT INTO `photos` (`id`, `album_id`, `media_id`) VALUES ('48', '48', '48');
INSERT INTO `photos` (`id`, `album_id`, `media_id`) VALUES ('49', '49', '49');
INSERT INTO `photos` (`id`, `album_id`, `media_id`) VALUES ('50', '50', '50');
INSERT INTO `photos` (`id`, `album_id`, `media_id`) VALUES ('51', '51', '51');
INSERT INTO `photos` (`id`, `album_id`, `media_id`) VALUES ('52', '52', '52');
INSERT INTO `photos` (`id`, `album_id`, `media_id`) VALUES ('53', '53', '53');
INSERT INTO `photos` (`id`, `album_id`, `media_id`) VALUES ('54', '54', '54');
INSERT INTO `photos` (`id`, `album_id`, `media_id`) VALUES ('55', '55', '55');
INSERT INTO `photos` (`id`, `album_id`, `media_id`) VALUES ('56', '56', '56');
INSERT INTO `photos` (`id`, `album_id`, `media_id`) VALUES ('57', '57', '57');
INSERT INTO `photos` (`id`, `album_id`, `media_id`) VALUES ('58', '58', '58');
INSERT INTO `photos` (`id`, `album_id`, `media_id`) VALUES ('59', '59', '59');
INSERT INTO `photos` (`id`, `album_id`, `media_id`) VALUES ('60', '60', '60');
INSERT INTO `photos` (`id`, `album_id`, `media_id`) VALUES ('61', '61', '61');
INSERT INTO `photos` (`id`, `album_id`, `media_id`) VALUES ('62', '62', '62');
INSERT INTO `photos` (`id`, `album_id`, `media_id`) VALUES ('63', '63', '63');
INSERT INTO `photos` (`id`, `album_id`, `media_id`) VALUES ('64', '64', '64');
INSERT INTO `photos` (`id`, `album_id`, `media_id`) VALUES ('65', '65', '65');
INSERT INTO `photos` (`id`, `album_id`, `media_id`) VALUES ('66', '66', '66');
INSERT INTO `photos` (`id`, `album_id`, `media_id`) VALUES ('67', '67', '67');
INSERT INTO `photos` (`id`, `album_id`, `media_id`) VALUES ('68', '68', '68');
INSERT INTO `photos` (`id`, `album_id`, `media_id`) VALUES ('69', '69', '69');
INSERT INTO `photos` (`id`, `album_id`, `media_id`) VALUES ('70', '70', '70');
INSERT INTO `photos` (`id`, `album_id`, `media_id`) VALUES ('71', '71', '71');
INSERT INTO `photos` (`id`, `album_id`, `media_id`) VALUES ('72', '72', '72');
INSERT INTO `photos` (`id`, `album_id`, `media_id`) VALUES ('73', '73', '73');
INSERT INTO `photos` (`id`, `album_id`, `media_id`) VALUES ('74', '74', '74');
INSERT INTO `photos` (`id`, `album_id`, `media_id`) VALUES ('75', '75', '75');
INSERT INTO `photos` (`id`, `album_id`, `media_id`) VALUES ('76', '76', '76');
INSERT INTO `photos` (`id`, `album_id`, `media_id`) VALUES ('77', '77', '77');
INSERT INTO `photos` (`id`, `album_id`, `media_id`) VALUES ('78', '78', '78');
INSERT INTO `photos` (`id`, `album_id`, `media_id`) VALUES ('79', '79', '79');
INSERT INTO `photos` (`id`, `album_id`, `media_id`) VALUES ('80', '80', '80');
INSERT INTO `photos` (`id`, `album_id`, `media_id`) VALUES ('81', '81', '81');
INSERT INTO `photos` (`id`, `album_id`, `media_id`) VALUES ('82', '82', '82');
INSERT INTO `photos` (`id`, `album_id`, `media_id`) VALUES ('83', '83', '83');
INSERT INTO `photos` (`id`, `album_id`, `media_id`) VALUES ('84', '84', '84');
INSERT INTO `photos` (`id`, `album_id`, `media_id`) VALUES ('85', '85', '85');
INSERT INTO `photos` (`id`, `album_id`, `media_id`) VALUES ('86', '86', '86');
INSERT INTO `photos` (`id`, `album_id`, `media_id`) VALUES ('87', '87', '87');
INSERT INTO `photos` (`id`, `album_id`, `media_id`) VALUES ('88', '88', '88');
INSERT INTO `photos` (`id`, `album_id`, `media_id`) VALUES ('89', '89', '89');
INSERT INTO `photos` (`id`, `album_id`, `media_id`) VALUES ('90', '90', '90');
INSERT INTO `photos` (`id`, `album_id`, `media_id`) VALUES ('91', '91', '91');
INSERT INTO `photos` (`id`, `album_id`, `media_id`) VALUES ('92', '92', '92');
INSERT INTO `photos` (`id`, `album_id`, `media_id`) VALUES ('93', '93', '93');
INSERT INTO `photos` (`id`, `album_id`, `media_id`) VALUES ('94', '94', '94');
INSERT INTO `photos` (`id`, `album_id`, `media_id`) VALUES ('95', '95', '95');
INSERT INTO `photos` (`id`, `album_id`, `media_id`) VALUES ('96', '96', '96');
INSERT INTO `photos` (`id`, `album_id`, `media_id`) VALUES ('97', '97', '97');
INSERT INTO `photos` (`id`, `album_id`, `media_id`) VALUES ('98', '98', '98');
INSERT INTO `photos` (`id`, `album_id`, `media_id`) VALUES ('99', '99', '99');
INSERT INTO `photos` (`id`, `album_id`, `media_id`) VALUES ('100', '100', '100');

INSERT INTO `profiles` (`user_id`, `gender`, `birthday`, `photo_id`, `created_at`, `hometown`) VALUES ('1', 'F', '2010-03-04', '1', '1983-07-04 19:20:46', 'Port Nehaberg');
INSERT INTO `profiles` (`user_id`, `gender`, `birthday`, `photo_id`, `created_at`, `hometown`) VALUES ('2', 'M', '1997-05-14', '2', '2005-10-18 13:36:32', 'East Yoshiko');
INSERT INTO `profiles` (`user_id`, `gender`, `birthday`, `photo_id`, `created_at`, `hometown`) VALUES ('3', 'M', '1999-10-04', '3', '1999-12-31 01:41:25', 'Trystanchester');
INSERT INTO `profiles` (`user_id`, `gender`, `birthday`, `photo_id`, `created_at`, `hometown`) VALUES ('4', 'F', '1975-05-23', '4', '1984-12-29 19:41:37', 'Orvilleborough');
INSERT INTO `profiles` (`user_id`, `gender`, `birthday`, `photo_id`, `created_at`, `hometown`) VALUES ('5', 'M', '1983-05-23', '5', '1998-02-11 22:10:27', 'Rogahnstad');
INSERT INTO `profiles` (`user_id`, `gender`, `birthday`, `photo_id`, `created_at`, `hometown`) VALUES ('6', 'M', '2007-12-25', '6', '2016-08-02 05:29:24', 'East Brenden');
INSERT INTO `profiles` (`user_id`, `gender`, `birthday`, `photo_id`, `created_at`, `hometown`) VALUES ('7', 'F', '1972-04-15', '7', '2002-08-28 14:21:55', 'Pagacside');
INSERT INTO `profiles` (`user_id`, `gender`, `birthday`, `photo_id`, `created_at`, `hometown`) VALUES ('8', 'F', '2012-02-18', '8', '1977-03-22 03:43:02', 'Majorfurt');
INSERT INTO `profiles` (`user_id`, `gender`, `birthday`, `photo_id`, `created_at`, `hometown`) VALUES ('9', 'M', '1973-06-05', '9', '1991-07-18 23:44:33', 'Port Kenneth');
INSERT INTO `profiles` (`user_id`, `gender`, `birthday`, `photo_id`, `created_at`, `hometown`) VALUES ('10', 'M', '2011-06-18', '10', '2001-09-21 00:17:51', 'Lake Landenside');
INSERT INTO `profiles` (`user_id`, `gender`, `birthday`, `photo_id`, `created_at`, `hometown`) VALUES ('11', 'F', '1997-08-25', '11', '1972-11-25 08:10:39', 'Cassinville');
INSERT INTO `profiles` (`user_id`, `gender`, `birthday`, `photo_id`, `created_at`, `hometown`) VALUES ('12', 'F', '2016-11-19', '12', '1977-02-23 11:42:31', 'South Marshallville');
INSERT INTO `profiles` (`user_id`, `gender`, `birthday`, `photo_id`, `created_at`, `hometown`) VALUES ('13', 'M', '1998-04-20', '13', '1976-11-30 21:30:04', 'Littleborough');
INSERT INTO `profiles` (`user_id`, `gender`, `birthday`, `photo_id`, `created_at`, `hometown`) VALUES ('14', 'M', '1998-05-08', '14', '1986-06-09 09:53:03', 'South Shemarstad');
INSERT INTO `profiles` (`user_id`, `gender`, `birthday`, `photo_id`, `created_at`, `hometown`) VALUES ('15', 'M', '2000-12-30', '15', '2008-02-19 01:30:27', 'Deronbury');
INSERT INTO `profiles` (`user_id`, `gender`, `birthday`, `photo_id`, `created_at`, `hometown`) VALUES ('16', 'F', '2015-04-26', '16', '2008-05-02 23:17:19', 'Kutchshire');
INSERT INTO `profiles` (`user_id`, `gender`, `birthday`, `photo_id`, `created_at`, `hometown`) VALUES ('17', 'M', '1994-04-22', '17', '1971-02-13 10:45:33', 'Antwonville');
INSERT INTO `profiles` (`user_id`, `gender`, `birthday`, `photo_id`, `created_at`, `hometown`) VALUES ('18', 'M', '1994-03-30', '18', '1986-02-10 19:58:31', 'Robelstad');
INSERT INTO `profiles` (`user_id`, `gender`, `birthday`, `photo_id`, `created_at`, `hometown`) VALUES ('19', 'M', '2008-10-13', '19', '2008-10-19 15:20:29', 'Port Generalborough');
INSERT INTO `profiles` (`user_id`, `gender`, `birthday`, `photo_id`, `created_at`, `hometown`) VALUES ('20', 'M', '1993-10-23', '20', '1981-10-07 11:37:23', 'South Scot');
INSERT INTO `profiles` (`user_id`, `gender`, `birthday`, `photo_id`, `created_at`, `hometown`) VALUES ('21', 'F', '1998-05-05', '21', '1994-09-10 23:05:26', 'New Lylamouth');
INSERT INTO `profiles` (`user_id`, `gender`, `birthday`, `photo_id`, `created_at`, `hometown`) VALUES ('22', 'F', '1973-07-27', '22', '1990-01-05 18:03:39', 'Dejuanhaven');
INSERT INTO `profiles` (`user_id`, `gender`, `birthday`, `photo_id`, `created_at`, `hometown`) VALUES ('23', 'M', '1976-01-16', '23', '1982-09-01 21:54:48', 'Mckenzietown');
INSERT INTO `profiles` (`user_id`, `gender`, `birthday`, `photo_id`, `created_at`, `hometown`) VALUES ('24', 'F', '1993-03-26', '24', '2011-02-22 19:39:08', 'North Savannah');
INSERT INTO `profiles` (`user_id`, `gender`, `birthday`, `photo_id`, `created_at`, `hometown`) VALUES ('25', 'M', '1989-03-06', '25', '1997-04-08 02:22:23', 'East Lanceville');
INSERT INTO `profiles` (`user_id`, `gender`, `birthday`, `photo_id`, `created_at`, `hometown`) VALUES ('26', 'F', '2011-01-10', '26', '1987-10-06 18:05:47', 'Langworthview');
INSERT INTO `profiles` (`user_id`, `gender`, `birthday`, `photo_id`, `created_at`, `hometown`) VALUES ('27', 'M', '2008-05-13', '27', '2017-06-14 19:35:42', 'Jacobsonberg');
INSERT INTO `profiles` (`user_id`, `gender`, `birthday`, `photo_id`, `created_at`, `hometown`) VALUES ('28', 'F', '1974-12-14', '28', '1987-03-07 05:02:19', 'Ebertshire');
INSERT INTO `profiles` (`user_id`, `gender`, `birthday`, `photo_id`, `created_at`, `hometown`) VALUES ('29', 'M', '2002-10-29', '29', '2015-12-25 01:19:27', 'East Freida');
INSERT INTO `profiles` (`user_id`, `gender`, `birthday`, `photo_id`, `created_at`, `hometown`) VALUES ('30', 'F', '1985-07-15', '30', '1983-10-18 01:54:28', 'East Kasandra');
INSERT INTO `profiles` (`user_id`, `gender`, `birthday`, `photo_id`, `created_at`, `hometown`) VALUES ('31', 'M', '1994-06-11', '31', '1998-02-17 20:20:51', 'Reynoldsborough');
INSERT INTO `profiles` (`user_id`, `gender`, `birthday`, `photo_id`, `created_at`, `hometown`) VALUES ('32', 'M', '2002-08-31', '32', '2003-10-04 20:30:17', 'South Maryjane');
INSERT INTO `profiles` (`user_id`, `gender`, `birthday`, `photo_id`, `created_at`, `hometown`) VALUES ('33', 'F', '1987-05-19', '33', '2016-06-08 06:14:37', 'Uptonhaven');
INSERT INTO `profiles` (`user_id`, `gender`, `birthday`, `photo_id`, `created_at`, `hometown`) VALUES ('34', 'F', '1971-05-05', '34', '1985-08-27 22:56:57', 'East Donavonside');
INSERT INTO `profiles` (`user_id`, `gender`, `birthday`, `photo_id`, `created_at`, `hometown`) VALUES ('35', 'M', '2007-09-13', '35', '1985-03-18 01:15:56', 'South Georgianaside');
INSERT INTO `profiles` (`user_id`, `gender`, `birthday`, `photo_id`, `created_at`, `hometown`) VALUES ('36', 'M', '1989-11-12', '36', '2015-11-04 02:58:40', 'Purdymouth');
INSERT INTO `profiles` (`user_id`, `gender`, `birthday`, `photo_id`, `created_at`, `hometown`) VALUES ('37', 'F', '2003-05-07', '37', '1991-12-21 22:39:41', 'Pinkieburgh');
INSERT INTO `profiles` (`user_id`, `gender`, `birthday`, `photo_id`, `created_at`, `hometown`) VALUES ('38', 'F', '2019-08-12', '38', '1978-01-01 02:05:08', 'Port Ethelview');
INSERT INTO `profiles` (`user_id`, `gender`, `birthday`, `photo_id`, `created_at`, `hometown`) VALUES ('39', 'F', '2017-02-25', '39', '1985-05-19 15:56:48', 'North Edd');
INSERT INTO `profiles` (`user_id`, `gender`, `birthday`, `photo_id`, `created_at`, `hometown`) VALUES ('40', 'M', '1984-02-01', '40', '2017-06-18 04:31:14', 'West Mckaylaside');
INSERT INTO `profiles` (`user_id`, `gender`, `birthday`, `photo_id`, `created_at`, `hometown`) VALUES ('41', 'M', '2004-04-02', '41', '1996-06-06 12:49:52', 'Lake Krystalchester');
INSERT INTO `profiles` (`user_id`, `gender`, `birthday`, `photo_id`, `created_at`, `hometown`) VALUES ('42', 'F', '1974-06-22', '42', '2003-01-22 03:44:46', 'Pietrofurt');
INSERT INTO `profiles` (`user_id`, `gender`, `birthday`, `photo_id`, `created_at`, `hometown`) VALUES ('43', 'M', '2004-06-23', '43', '1995-08-01 21:44:07', 'East Aracelyside');
INSERT INTO `profiles` (`user_id`, `gender`, `birthday`, `photo_id`, `created_at`, `hometown`) VALUES ('44', 'M', '1991-04-04', '44', '1993-02-06 11:42:39', 'Lake Christyshire');
INSERT INTO `profiles` (`user_id`, `gender`, `birthday`, `photo_id`, `created_at`, `hometown`) VALUES ('45', 'M', '1973-04-12', '45', '1997-10-30 06:16:08', 'New Eldridgeview');
INSERT INTO `profiles` (`user_id`, `gender`, `birthday`, `photo_id`, `created_at`, `hometown`) VALUES ('46', 'F', '2018-02-02', '46', '1994-11-30 19:44:35', 'West Penelope');
INSERT INTO `profiles` (`user_id`, `gender`, `birthday`, `photo_id`, `created_at`, `hometown`) VALUES ('47', 'M', '1999-09-04', '47', '2012-01-11 15:34:38', 'Cormiermouth');
INSERT INTO `profiles` (`user_id`, `gender`, `birthday`, `photo_id`, `created_at`, `hometown`) VALUES ('48', 'M', '2015-05-27', '48', '2012-07-05 08:30:32', 'Lake Brown');
INSERT INTO `profiles` (`user_id`, `gender`, `birthday`, `photo_id`, `created_at`, `hometown`) VALUES ('49', 'F', '1983-05-18', '49', '2015-02-20 02:03:05', 'North Allieside');
INSERT INTO `profiles` (`user_id`, `gender`, `birthday`, `photo_id`, `created_at`, `hometown`) VALUES ('50', 'F', '1982-11-18', '50', '1985-07-19 19:13:16', 'West Ariellemouth');
INSERT INTO `profiles` (`user_id`, `gender`, `birthday`, `photo_id`, `created_at`, `hometown`) VALUES ('51', 'M', '2001-11-14', '51', '1991-07-23 04:24:54', 'Lake Devanteshire');
INSERT INTO `profiles` (`user_id`, `gender`, `birthday`, `photo_id`, `created_at`, `hometown`) VALUES ('52', 'M', '1986-02-16', '52', '1992-05-23 01:34:16', 'New Savanna');
INSERT INTO `profiles` (`user_id`, `gender`, `birthday`, `photo_id`, `created_at`, `hometown`) VALUES ('53', 'F', '2011-05-06', '53', '1991-03-03 12:51:50', 'Violaside');
INSERT INTO `profiles` (`user_id`, `gender`, `birthday`, `photo_id`, `created_at`, `hometown`) VALUES ('54', 'F', '1998-12-08', '54', '1991-04-18 19:03:26', 'South Trent');
INSERT INTO `profiles` (`user_id`, `gender`, `birthday`, `photo_id`, `created_at`, `hometown`) VALUES ('55', 'M', '2006-12-27', '55', '1999-12-16 14:54:16', 'North Royal');
INSERT INTO `profiles` (`user_id`, `gender`, `birthday`, `photo_id`, `created_at`, `hometown`) VALUES ('56', 'M', '1983-04-19', '56', '1994-10-29 20:00:20', 'New Daxburgh');
INSERT INTO `profiles` (`user_id`, `gender`, `birthday`, `photo_id`, `created_at`, `hometown`) VALUES ('57', 'F', '2016-09-30', '57', '2002-07-16 09:50:59', 'North Iva');
INSERT INTO `profiles` (`user_id`, `gender`, `birthday`, `photo_id`, `created_at`, `hometown`) VALUES ('58', 'F', '2001-03-11', '58', '1996-07-10 13:22:08', 'Port Charleyview');
INSERT INTO `profiles` (`user_id`, `gender`, `birthday`, `photo_id`, `created_at`, `hometown`) VALUES ('59', 'M', '2016-08-30', '59', '1988-10-18 22:15:40', 'Bechtelarport');
INSERT INTO `profiles` (`user_id`, `gender`, `birthday`, `photo_id`, `created_at`, `hometown`) VALUES ('60', 'M', '2006-07-20', '60', '1973-05-30 23:58:36', 'West Karlstad');
INSERT INTO `profiles` (`user_id`, `gender`, `birthday`, `photo_id`, `created_at`, `hometown`) VALUES ('61', 'F', '1980-04-26', '61', '2018-02-15 11:46:54', 'Marvintown');
INSERT INTO `profiles` (`user_id`, `gender`, `birthday`, `photo_id`, `created_at`, `hometown`) VALUES ('62', 'F', '2007-02-02', '62', '1977-07-04 11:16:15', 'Lake Ebonyberg');
INSERT INTO `profiles` (`user_id`, `gender`, `birthday`, `photo_id`, `created_at`, `hometown`) VALUES ('63', 'M', '1997-10-12', '63', '1986-11-10 08:09:41', 'West Candacebury');
INSERT INTO `profiles` (`user_id`, `gender`, `birthday`, `photo_id`, `created_at`, `hometown`) VALUES ('64', 'F', '2018-04-02', '64', '1993-11-01 10:12:39', 'New Erna');
INSERT INTO `profiles` (`user_id`, `gender`, `birthday`, `photo_id`, `created_at`, `hometown`) VALUES ('65', 'F', '1978-12-10', '65', '2016-12-03 16:52:17', 'West Maudieberg');
INSERT INTO `profiles` (`user_id`, `gender`, `birthday`, `photo_id`, `created_at`, `hometown`) VALUES ('66', 'M', '2007-05-02', '66', '1995-03-05 22:15:49', 'Huelbury');
INSERT INTO `profiles` (`user_id`, `gender`, `birthday`, `photo_id`, `created_at`, `hometown`) VALUES ('67', 'F', '1974-01-13', '67', '2003-01-06 19:09:17', 'New Kirachester');
INSERT INTO `profiles` (`user_id`, `gender`, `birthday`, `photo_id`, `created_at`, `hometown`) VALUES ('68', 'M', '2001-07-23', '68', '1982-09-10 01:59:23', 'East Cameron');
INSERT INTO `profiles` (`user_id`, `gender`, `birthday`, `photo_id`, `created_at`, `hometown`) VALUES ('69', 'F', '1979-08-01', '69', '2007-05-28 04:08:41', 'Murazikfort');
INSERT INTO `profiles` (`user_id`, `gender`, `birthday`, `photo_id`, `created_at`, `hometown`) VALUES ('70', 'M', '1980-06-20', '70', '2012-07-14 08:00:44', 'East Kelvin');
INSERT INTO `profiles` (`user_id`, `gender`, `birthday`, `photo_id`, `created_at`, `hometown`) VALUES ('71', 'F', '1997-09-29', '71', '2017-11-08 03:26:28', 'Chazburgh');
INSERT INTO `profiles` (`user_id`, `gender`, `birthday`, `photo_id`, `created_at`, `hometown`) VALUES ('72', 'M', '1983-09-09', '72', '2006-11-28 21:08:50', 'Swiftmouth');
INSERT INTO `profiles` (`user_id`, `gender`, `birthday`, `photo_id`, `created_at`, `hometown`) VALUES ('73', 'M', '2018-10-03', '73', '1974-08-31 14:11:47', 'East Uriel');
INSERT INTO `profiles` (`user_id`, `gender`, `birthday`, `photo_id`, `created_at`, `hometown`) VALUES ('74', 'F', '1972-09-13', '74', '1973-10-27 20:30:17', 'South Robin');
INSERT INTO `profiles` (`user_id`, `gender`, `birthday`, `photo_id`, `created_at`, `hometown`) VALUES ('75', 'M', '1972-04-24', '75', '2007-07-05 06:28:49', 'Franeckiport');
INSERT INTO `profiles` (`user_id`, `gender`, `birthday`, `photo_id`, `created_at`, `hometown`) VALUES ('76', 'M', '2001-08-11', '76', '1990-09-26 02:01:17', 'Friesenview');
INSERT INTO `profiles` (`user_id`, `gender`, `birthday`, `photo_id`, `created_at`, `hometown`) VALUES ('77', 'M', '1981-10-06', '77', '1991-08-13 04:27:12', 'South Randi');
INSERT INTO `profiles` (`user_id`, `gender`, `birthday`, `photo_id`, `created_at`, `hometown`) VALUES ('78', 'M', '1996-10-28', '78', '2016-07-10 11:27:02', 'Jordanhaven');
INSERT INTO `profiles` (`user_id`, `gender`, `birthday`, `photo_id`, `created_at`, `hometown`) VALUES ('79', 'F', '1983-03-17', '79', '2009-10-03 10:36:05', 'Stantonfort');
INSERT INTO `profiles` (`user_id`, `gender`, `birthday`, `photo_id`, `created_at`, `hometown`) VALUES ('80', 'M', '1997-09-06', '80', '1991-10-01 07:41:53', 'Kayceeborough');
INSERT INTO `profiles` (`user_id`, `gender`, `birthday`, `photo_id`, `created_at`, `hometown`) VALUES ('81', 'F', '2013-07-15', '81', '1970-09-13 22:31:19', 'Jacquelynfurt');
INSERT INTO `profiles` (`user_id`, `gender`, `birthday`, `photo_id`, `created_at`, `hometown`) VALUES ('82', 'F', '1977-01-02', '82', '2018-06-08 21:03:47', 'West Luluburgh');
INSERT INTO `profiles` (`user_id`, `gender`, `birthday`, `photo_id`, `created_at`, `hometown`) VALUES ('83', 'F', '2003-12-18', '83', '2017-07-11 22:08:12', 'Gerdaton');
INSERT INTO `profiles` (`user_id`, `gender`, `birthday`, `photo_id`, `created_at`, `hometown`) VALUES ('84', 'F', '2017-04-14', '84', '2008-10-12 16:02:53', 'Liastad');
INSERT INTO `profiles` (`user_id`, `gender`, `birthday`, `photo_id`, `created_at`, `hometown`) VALUES ('85', 'M', '2010-03-13', '85', '2014-03-12 00:53:33', 'Nicoletown');
INSERT INTO `profiles` (`user_id`, `gender`, `birthday`, `photo_id`, `created_at`, `hometown`) VALUES ('86', 'M', '2006-07-02', '86', '1978-12-26 00:41:22', 'Maximusside');
INSERT INTO `profiles` (`user_id`, `gender`, `birthday`, `photo_id`, `created_at`, `hometown`) VALUES ('87', 'F', '1991-07-09', '87', '1996-06-17 12:28:50', 'Kiehnfort');
INSERT INTO `profiles` (`user_id`, `gender`, `birthday`, `photo_id`, `created_at`, `hometown`) VALUES ('88', 'F', '1998-06-12', '88', '1970-08-25 07:05:25', 'West Savion');
INSERT INTO `profiles` (`user_id`, `gender`, `birthday`, `photo_id`, `created_at`, `hometown`) VALUES ('89', 'F', '1985-03-27', '89', '1997-08-22 08:21:08', 'Blandaburgh');
INSERT INTO `profiles` (`user_id`, `gender`, `birthday`, `photo_id`, `created_at`, `hometown`) VALUES ('90', 'F', '2004-09-22', '90', '1993-01-11 22:03:30', 'Sporerburgh');
INSERT INTO `profiles` (`user_id`, `gender`, `birthday`, `photo_id`, `created_at`, `hometown`) VALUES ('91', 'F', '1982-09-19', '91', '1993-01-13 14:38:34', 'Creminberg');
INSERT INTO `profiles` (`user_id`, `gender`, `birthday`, `photo_id`, `created_at`, `hometown`) VALUES ('92', 'M', '1984-02-19', '92', '2006-05-10 20:38:35', 'Keeblerland');
INSERT INTO `profiles` (`user_id`, `gender`, `birthday`, `photo_id`, `created_at`, `hometown`) VALUES ('93', 'F', '2015-10-07', '93', '1982-09-06 04:20:11', 'Lake Estellafort');
INSERT INTO `profiles` (`user_id`, `gender`, `birthday`, `photo_id`, `created_at`, `hometown`) VALUES ('94', 'F', '1977-11-03', '94', '1983-01-20 04:25:55', 'West Dwight');
INSERT INTO `profiles` (`user_id`, `gender`, `birthday`, `photo_id`, `created_at`, `hometown`) VALUES ('95', 'F', '1990-06-20', '95', '1994-12-22 05:52:10', 'Richmondville');
INSERT INTO `profiles` (`user_id`, `gender`, `birthday`, `photo_id`, `created_at`, `hometown`) VALUES ('96', 'M', '2009-10-17', '96', '2009-07-17 15:36:10', 'Rollinfurt');
INSERT INTO `profiles` (`user_id`, `gender`, `birthday`, `photo_id`, `created_at`, `hometown`) VALUES ('97', 'M', '2009-01-26', '97', '1986-12-26 09:07:47', 'Hettingerton');
INSERT INTO `profiles` (`user_id`, `gender`, `birthday`, `photo_id`, `created_at`, `hometown`) VALUES ('98', 'M', '1983-11-24', '98', '1987-10-10 13:33:46', 'Port Flossieside');
INSERT INTO `profiles` (`user_id`, `gender`, `birthday`, `photo_id`, `created_at`, `hometown`) VALUES ('99', 'F', '2017-04-10', '99', '2011-11-07 13:38:03', 'Port Laney');
INSERT INTO `profiles` (`user_id`, `gender`, `birthday`, `photo_id`, `created_at`, `hometown`) VALUES ('100', 'F', '2001-01-15', '100', '1980-12-04 02:58:41', 'Thompsontown');

INSERT INTO `likes` (`id`, `user_id`, `media_id`, `created_at`) VALUES ('1', '1', '1', '2014-07-30 07:12:04');
INSERT INTO `likes` (`id`, `user_id`, `media_id`, `created_at`) VALUES ('2', '2', '2', '1995-05-31 01:33:20');
INSERT INTO `likes` (`id`, `user_id`, `media_id`, `created_at`) VALUES ('3', '3', '3', '2003-01-18 11:27:26');
INSERT INTO `likes` (`id`, `user_id`, `media_id`, `created_at`) VALUES ('4', '4', '4', '2005-10-05 03:46:56');
INSERT INTO `likes` (`id`, `user_id`, `media_id`, `created_at`) VALUES ('5', '5', '5', '1973-02-10 03:37:52');
INSERT INTO `likes` (`id`, `user_id`, `media_id`, `created_at`) VALUES ('6', '6', '6', '1970-05-03 23:18:30');
INSERT INTO `likes` (`id`, `user_id`, `media_id`, `created_at`) VALUES ('7', '7', '7', '1991-01-24 03:02:24');
INSERT INTO `likes` (`id`, `user_id`, `media_id`, `created_at`) VALUES ('8', '8', '8', '1971-12-15 09:12:38');
INSERT INTO `likes` (`id`, `user_id`, `media_id`, `created_at`) VALUES ('9', '9', '9', '1998-05-04 18:55:30');
INSERT INTO `likes` (`id`, `user_id`, `media_id`, `created_at`) VALUES ('10', '10', '10', '1981-09-12 12:29:02');
INSERT INTO `likes` (`id`, `user_id`, `media_id`, `created_at`) VALUES ('11', '11', '11', '2013-10-02 19:38:04');
INSERT INTO `likes` (`id`, `user_id`, `media_id`, `created_at`) VALUES ('12', '12', '12', '2015-04-04 06:47:05');
INSERT INTO `likes` (`id`, `user_id`, `media_id`, `created_at`) VALUES ('13', '13', '13', '1981-07-04 01:16:13');
INSERT INTO `likes` (`id`, `user_id`, `media_id`, `created_at`) VALUES ('14', '14', '14', '1986-11-10 14:03:46');
INSERT INTO `likes` (`id`, `user_id`, `media_id`, `created_at`) VALUES ('15', '15', '15', '1988-11-14 22:32:54');
INSERT INTO `likes` (`id`, `user_id`, `media_id`, `created_at`) VALUES ('16', '16', '16', '1978-12-13 08:21:35');
INSERT INTO `likes` (`id`, `user_id`, `media_id`, `created_at`) VALUES ('17', '17', '17', '1992-10-25 06:32:25');
INSERT INTO `likes` (`id`, `user_id`, `media_id`, `created_at`) VALUES ('18', '18', '18', '2011-04-13 06:46:36');
INSERT INTO `likes` (`id`, `user_id`, `media_id`, `created_at`) VALUES ('19', '19', '19', '1995-10-18 20:48:44');
INSERT INTO `likes` (`id`, `user_id`, `media_id`, `created_at`) VALUES ('20', '20', '20', '1987-01-10 01:02:01');
INSERT INTO `likes` (`id`, `user_id`, `media_id`, `created_at`) VALUES ('21', '21', '21', '2010-01-14 17:00:15');
INSERT INTO `likes` (`id`, `user_id`, `media_id`, `created_at`) VALUES ('22', '22', '22', '2001-10-24 20:29:47');
INSERT INTO `likes` (`id`, `user_id`, `media_id`, `created_at`) VALUES ('23', '23', '23', '2013-12-15 12:17:21');
INSERT INTO `likes` (`id`, `user_id`, `media_id`, `created_at`) VALUES ('24', '24', '24', '1994-11-14 01:34:45');
INSERT INTO `likes` (`id`, `user_id`, `media_id`, `created_at`) VALUES ('25', '25', '25', '2019-04-06 17:10:22');
INSERT INTO `likes` (`id`, `user_id`, `media_id`, `created_at`) VALUES ('26', '26', '26', '2010-01-13 04:01:00');
INSERT INTO `likes` (`id`, `user_id`, `media_id`, `created_at`) VALUES ('27', '27', '27', '1988-11-03 15:59:11');
INSERT INTO `likes` (`id`, `user_id`, `media_id`, `created_at`) VALUES ('28', '28', '28', '1981-01-02 07:41:36');
INSERT INTO `likes` (`id`, `user_id`, `media_id`, `created_at`) VALUES ('29', '29', '29', '1976-03-10 15:21:52');
INSERT INTO `likes` (`id`, `user_id`, `media_id`, `created_at`) VALUES ('30', '30', '30', '2009-11-15 05:11:50');
INSERT INTO `likes` (`id`, `user_id`, `media_id`, `created_at`) VALUES ('31', '31', '31', '2007-12-11 12:30:11');
INSERT INTO `likes` (`id`, `user_id`, `media_id`, `created_at`) VALUES ('32', '32', '32', '1974-10-08 18:26:17');
INSERT INTO `likes` (`id`, `user_id`, `media_id`, `created_at`) VALUES ('33', '33', '33', '1986-04-03 10:41:12');
INSERT INTO `likes` (`id`, `user_id`, `media_id`, `created_at`) VALUES ('34', '34', '34', '1991-08-31 18:46:32');
INSERT INTO `likes` (`id`, `user_id`, `media_id`, `created_at`) VALUES ('35', '35', '35', '1978-09-30 11:02:04');
INSERT INTO `likes` (`id`, `user_id`, `media_id`, `created_at`) VALUES ('36', '36', '36', '1998-10-28 19:03:50');
INSERT INTO `likes` (`id`, `user_id`, `media_id`, `created_at`) VALUES ('37', '37', '37', '1978-01-19 15:26:26');
INSERT INTO `likes` (`id`, `user_id`, `media_id`, `created_at`) VALUES ('38', '38', '38', '1989-04-15 03:42:43');
INSERT INTO `likes` (`id`, `user_id`, `media_id`, `created_at`) VALUES ('39', '39', '39', '1973-02-01 08:43:37');
INSERT INTO `likes` (`id`, `user_id`, `media_id`, `created_at`) VALUES ('40', '40', '40', '1975-07-21 02:41:25');
INSERT INTO `likes` (`id`, `user_id`, `media_id`, `created_at`) VALUES ('41', '41', '41', '1990-12-18 03:25:45');
INSERT INTO `likes` (`id`, `user_id`, `media_id`, `created_at`) VALUES ('42', '42', '42', '1983-10-02 17:46:26');
INSERT INTO `likes` (`id`, `user_id`, `media_id`, `created_at`) VALUES ('43', '43', '43', '2017-08-28 08:32:34');
INSERT INTO `likes` (`id`, `user_id`, `media_id`, `created_at`) VALUES ('44', '44', '44', '1971-12-21 14:09:32');
INSERT INTO `likes` (`id`, `user_id`, `media_id`, `created_at`) VALUES ('45', '45', '45', '2013-02-25 19:04:15');
INSERT INTO `likes` (`id`, `user_id`, `media_id`, `created_at`) VALUES ('46', '46', '46', '1983-04-02 13:38:38');
INSERT INTO `likes` (`id`, `user_id`, `media_id`, `created_at`) VALUES ('47', '47', '47', '1996-09-24 06:49:34');
INSERT INTO `likes` (`id`, `user_id`, `media_id`, `created_at`) VALUES ('48', '48', '48', '1984-11-30 04:05:49');
INSERT INTO `likes` (`id`, `user_id`, `media_id`, `created_at`) VALUES ('49', '49', '49', '1998-04-15 10:01:47');
INSERT INTO `likes` (`id`, `user_id`, `media_id`, `created_at`) VALUES ('50', '50', '50', '1996-01-12 13:46:40');
INSERT INTO `likes` (`id`, `user_id`, `media_id`, `created_at`) VALUES ('51', '51', '51', '1998-09-14 05:53:20');
INSERT INTO `likes` (`id`, `user_id`, `media_id`, `created_at`) VALUES ('52', '52', '52', '1979-08-23 00:24:00');
INSERT INTO `likes` (`id`, `user_id`, `media_id`, `created_at`) VALUES ('53', '53', '53', '2008-03-06 01:22:13');
INSERT INTO `likes` (`id`, `user_id`, `media_id`, `created_at`) VALUES ('54', '54', '54', '1982-06-01 18:15:40');
INSERT INTO `likes` (`id`, `user_id`, `media_id`, `created_at`) VALUES ('55', '55', '55', '2002-02-16 01:38:17');
INSERT INTO `likes` (`id`, `user_id`, `media_id`, `created_at`) VALUES ('56', '56', '56', '1989-02-18 07:23:17');
INSERT INTO `likes` (`id`, `user_id`, `media_id`, `created_at`) VALUES ('57', '57', '57', '2009-04-03 20:28:43');
INSERT INTO `likes` (`id`, `user_id`, `media_id`, `created_at`) VALUES ('58', '58', '58', '1970-09-03 22:07:57');
INSERT INTO `likes` (`id`, `user_id`, `media_id`, `created_at`) VALUES ('59', '59', '59', '1985-04-05 02:16:35');
INSERT INTO `likes` (`id`, `user_id`, `media_id`, `created_at`) VALUES ('60', '60', '60', '1993-08-26 11:15:32');
INSERT INTO `likes` (`id`, `user_id`, `media_id`, `created_at`) VALUES ('61', '61', '61', '2004-09-16 07:17:20');
INSERT INTO `likes` (`id`, `user_id`, `media_id`, `created_at`) VALUES ('62', '62', '62', '1987-08-07 11:12:14');
INSERT INTO `likes` (`id`, `user_id`, `media_id`, `created_at`) VALUES ('63', '63', '63', '2001-09-19 00:51:10');
INSERT INTO `likes` (`id`, `user_id`, `media_id`, `created_at`) VALUES ('64', '64', '64', '1992-11-15 19:06:38');
INSERT INTO `likes` (`id`, `user_id`, `media_id`, `created_at`) VALUES ('65', '65', '65', '1991-03-10 20:36:05');
INSERT INTO `likes` (`id`, `user_id`, `media_id`, `created_at`) VALUES ('66', '66', '66', '1999-11-08 22:08:29');
INSERT INTO `likes` (`id`, `user_id`, `media_id`, `created_at`) VALUES ('67', '67', '67', '1993-03-29 14:24:50');
INSERT INTO `likes` (`id`, `user_id`, `media_id`, `created_at`) VALUES ('68', '68', '68', '1985-04-01 18:44:59');
INSERT INTO `likes` (`id`, `user_id`, `media_id`, `created_at`) VALUES ('69', '69', '69', '2006-02-17 17:06:21');
INSERT INTO `likes` (`id`, `user_id`, `media_id`, `created_at`) VALUES ('70', '70', '70', '2019-07-13 14:54:49');
INSERT INTO `likes` (`id`, `user_id`, `media_id`, `created_at`) VALUES ('71', '71', '71', '1978-03-20 16:43:53');
INSERT INTO `likes` (`id`, `user_id`, `media_id`, `created_at`) VALUES ('72', '72', '72', '1971-08-18 05:23:14');
INSERT INTO `likes` (`id`, `user_id`, `media_id`, `created_at`) VALUES ('73', '73', '73', '2005-01-12 00:08:34');
INSERT INTO `likes` (`id`, `user_id`, `media_id`, `created_at`) VALUES ('74', '74', '74', '1979-01-20 04:56:55');
INSERT INTO `likes` (`id`, `user_id`, `media_id`, `created_at`) VALUES ('75', '75', '75', '2005-02-06 16:43:41');
INSERT INTO `likes` (`id`, `user_id`, `media_id`, `created_at`) VALUES ('76', '76', '76', '2015-07-25 15:10:59');
INSERT INTO `likes` (`id`, `user_id`, `media_id`, `created_at`) VALUES ('77', '77', '77', '1992-03-21 09:10:21');
INSERT INTO `likes` (`id`, `user_id`, `media_id`, `created_at`) VALUES ('78', '78', '78', '2002-12-09 10:10:01');
INSERT INTO `likes` (`id`, `user_id`, `media_id`, `created_at`) VALUES ('79', '79', '79', '2007-11-08 20:31:14');
INSERT INTO `likes` (`id`, `user_id`, `media_id`, `created_at`) VALUES ('80', '80', '80', '2013-01-10 19:45:31');
INSERT INTO `likes` (`id`, `user_id`, `media_id`, `created_at`) VALUES ('81', '81', '81', '1980-09-10 04:29:29');
INSERT INTO `likes` (`id`, `user_id`, `media_id`, `created_at`) VALUES ('82', '82', '82', '1992-06-25 16:45:07');
INSERT INTO `likes` (`id`, `user_id`, `media_id`, `created_at`) VALUES ('83', '83', '83', '2015-12-10 14:02:23');
INSERT INTO `likes` (`id`, `user_id`, `media_id`, `created_at`) VALUES ('84', '84', '84', '1995-02-19 12:18:25');
INSERT INTO `likes` (`id`, `user_id`, `media_id`, `created_at`) VALUES ('85', '85', '85', '1994-08-03 10:30:23');
INSERT INTO `likes` (`id`, `user_id`, `media_id`, `created_at`) VALUES ('86', '86', '86', '1982-12-31 18:10:32');
INSERT INTO `likes` (`id`, `user_id`, `media_id`, `created_at`) VALUES ('87', '87', '87', '2001-11-14 02:33:15');
INSERT INTO `likes` (`id`, `user_id`, `media_id`, `created_at`) VALUES ('88', '88', '88', '2002-07-23 05:57:08');
INSERT INTO `likes` (`id`, `user_id`, `media_id`, `created_at`) VALUES ('89', '89', '89', '1996-02-29 19:14:02');
INSERT INTO `likes` (`id`, `user_id`, `media_id`, `created_at`) VALUES ('90', '90', '90', '1990-10-02 03:51:30');
INSERT INTO `likes` (`id`, `user_id`, `media_id`, `created_at`) VALUES ('91', '91', '91', '1990-09-04 04:03:15');
INSERT INTO `likes` (`id`, `user_id`, `media_id`, `created_at`) VALUES ('92', '92', '92', '2006-04-22 17:17:54');
INSERT INTO `likes` (`id`, `user_id`, `media_id`, `created_at`) VALUES ('93', '93', '93', '2011-05-27 02:19:50');
INSERT INTO `likes` (`id`, `user_id`, `media_id`, `created_at`) VALUES ('94', '94', '94', '1971-11-15 13:32:29');
INSERT INTO `likes` (`id`, `user_id`, `media_id`, `created_at`) VALUES ('95', '95', '95', '2011-02-22 01:40:31');
INSERT INTO `likes` (`id`, `user_id`, `media_id`, `created_at`) VALUES ('96', '96', '96', '1972-05-29 08:39:26');
INSERT INTO `likes` (`id`, `user_id`, `media_id`, `created_at`) VALUES ('97', '97', '97', '1996-09-25 04:28:24');
INSERT INTO `likes` (`id`, `user_id`, `media_id`, `created_at`) VALUES ('98', '98', '98', '2001-12-02 17:39:43');
INSERT INTO `likes` (`id`, `user_id`, `media_id`, `created_at`) VALUES ('99', '99', '99', '2002-05-20 13:42:18');
INSERT INTO `likes` (`id`, `user_id`, `media_id`, `created_at`) VALUES ('100', '100', '100', '1977-11-20 09:02:12');
